,user,text,favorite_count,retweet_count,created_at
0,Elon Musk,@PeterSchiff ü§£ thanks,7021.0,209.0,27-10-2022 16:17
1,Elon Musk,@ZubyMusic Absolutely,26737.0,755.0,27-10-2022 13:19
2,Elon Musk,Dear Twitter Advertisers https://t.co/GMwHmInPAS,356623.0,55927.0,27-10-2022 13:08
3,Elon Musk,Meeting a lot of cool people at Twitter today!,195546.0,9366.0,26-10-2022 21:39
4,Elon Musk,Entering Twitter HQ ‚Äì let that sink in! https://t.co/D68z4K2wq7,1043592.0,145520.0,26-10-2022 18:45
5,Elon Musk,@ARodTV Definitely closer to citizen journalism ‚Äì local news orgs are under-appreciated &amp; should get way more prominence on Twitter,10189.0,699.0,26-10-2022 17:05
6,Elon Musk,@sandyleevincent Nobody bats 1000 ü§∑‚Äç‚ôÇÔ∏è,2920.0,126.0,26-10-2022 15:42
7,Elon Musk,A beautiful thing about Twitter is how it empowers citizen journalism ‚Äì people are able to disseminate news without an establishment bias,294406.0,37951.0,26-10-2022 15:27
8,Elon Musk,@teslaownersSV I‚Äôm a big fan of citizen journalism!,5529.0,488.0,26-10-2022 15:22
9,Elon Musk,‚ÄúAccording to unnamed sources close to the matter who wish to remain anonymous‚Äù ü§£ü§£,62693.0,4603.0,26-10-2022 14:50
10,Elon Musk,"‚ÄúThe New York Times has emerged as a new, chaotic actor in global politics. The paper‚Äôs interventions in some of the world‚Äôs most combustible conflicts have sometimes been a boon, but their messaging has also caused problems.‚Äù",100922.0,10733.0,26-10-2022 14:48
11,Elon Musk,@PPathole @Twitter Yes!,14209.0,477.0,26-10-2022 07:27
12,Elon Musk,@westcoastbill 30% is a lot,2863.0,149.0,26-10-2022 06:32
13,Elon Musk,@eldsjal Concerning,17443.0,719.0,26-10-2022 06:28
14,Elon Musk,Works on any moving land object https://t.co/Xu4qKJW4D9,41798.0,3565.0,25-10-2022 23:26
15,Elon Musk,@chazman @lexfridman Fasting rocks,4981.0,284.0,25-10-2022 13:54
16,Elon Musk,@VitalikButerin @balajis @zengjiajun_eth Had to do a double-take. This is the first non-fake Vitalik tweet I‚Äôve seen in a while.,11512.0,573.0,25-10-2022 13:24
17,Elon Musk,@garyblack00 @SawyerMerritt One man‚Äôs hedge is another man‚Äôs shrub,4712.0,241.0,25-10-2022 08:30
18,Elon Musk,@muskQu0tes Yup,9328.0,347.0,25-10-2022 08:19
19,Elon Musk,@emollick True,4711.0,238.0,25-10-2022 08:11
20,Elon Musk,@elon_wisdom Too much respect for authority inhibits innovation,40332.0,4121.0,25-10-2022 08:01
21,Elon Musk,What lesson took you the longest to unlearn?,148115.0,11678.0,25-10-2022 04:33
22,Elon Musk,Œ¥ŒπŒ±ŒªŒµŒ∫œÑŒπŒ∫ŒÆ,97401.0,6978.0,25-10-2022 01:25
23,Elon Musk,"@SwipeWright Twitter should be as broadly inclusive as possible, serving as a fair forum for lively, even if occasionally rancorous, debate between widely divergent beliefs.",25719.0,3374.0,25-10-2022 01:15
24,Elon Musk,@MuskUniversity Absolutely necessary,2231.0,138.0,24-10-2022 22:45
25,Elon Musk,@DavidSacks @MarcBodnick !,2261.0,99.0,24-10-2022 21:39
26,Elon Musk,@MuskUniversity Important,9551.0,494.0,24-10-2022 20:49
27,Elon Musk,@MuskUniversity Yup,1556.0,75.0,24-10-2022 20:46
28,Elon Musk,@DavidSacks Exactly!,2467.0,116.0,24-10-2022 20:41
29,Elon Musk,"@VinnyLingham Yeah, doesn‚Äôt make sense",26093.0,1289.0,24-10-2022 18:45
30,Elon Musk,@MuskUniversity Good thread,2639.0,133.0,24-10-2022 13:49
31,Elon Musk,@RenataKonkoly @spideycyp_155 @SquawkCNBC @Kasparov63 I only play crazy 9‚Äôs,1902.0,91.0,24-10-2022 13:42
32,Elon Musk,"@MarcusHouse @LordofEa @kerrikgray @chicago_glenn @Tesla @teslaownersSV @dvorahfr @TonyadeVitti @SpaceX @SirineAti That‚Äôs the plan, unless it is damaged in testing. What really matters is that ship &amp; booster production line is spooling up. Also, each new ship &amp; booster has incremental design improvements.",3806.0,235.0,24-10-2022 13:39
33,Elon Musk,"@ChananBos @SquawkCNBC @Kasparov63 Yeah, I‚Äôm back to spare bedroom /couch surfing at friend‚Äôs houses in Silicon Valley, which I did for about a decade.

Frankly, I like it this way, as I get to see my friends, who I love, more often.",5838.0,281.0,24-10-2022 13:35
34,Elon Musk,"@spideycyp_155 @SquawkCNBC @Kasparov63 I did as a child, but found it to be too simple to be useful in real life: a mere 8 by 8 grid, no fog of war, no technology tree, no random map or spawn position, only 2 players, both sides exact same pieces, etc.

Polytopia addresses these limitations.",3692.0,272.0,24-10-2022 13:28
35,Elon Musk,"@SquawkCNBC @Kasparov63 And I don‚Äôt even own a house, let alone a ‚Äúmansion‚Äù, you douche",8781.0,635.0,24-10-2022 13:19
36,Elon Musk,"@SquawkCNBC @Kasparov63 While it‚Äôs true that Kasparov is almost as good at playing chess as my iPhone, he is otherwise an idiot",15587.0,1882.0,24-10-2022 13:13
37,Elon Musk,@spideycyp_155 @Teslarati @Writer_01001101 @FedorovMykhailo Yes,1646.0,75.0,24-10-2022 12:58
38,Elon Musk,"@gunsnrosesgirl3 @DolphinDroneDom How exciting to be alive at the same time as the largest animal ever! 

Wild that Blue whales are bigger than the biggest dinosaur.",47168.0,2112.0,24-10-2022 12:48
39,Elon Musk,@FedorovMykhailo @Teslarati @Writer_01001101 You‚Äôre most welcome,5152.0,216.0,24-10-2022 05:39
40,Elon Musk,"@Teslarati @Writer_01001101 Before DoD even came back with an answer, I told @FedorovMykhailo that SpaceX would not turn off Starlink even if DoD refused to provide funding",11673.0,1094.0,24-10-2022 02:37
41,Elon Musk,@LordofEa @kerrikgray @chicago_glenn @Tesla @teslaownersSV @dvorahfr @TonyadeVitti @SpaceX @SirineAti Absolutely!,10287.0,513.0,23-10-2022 22:36
42,Elon Musk,@SKMorefield Interesting,10825.0,603.0,23-10-2022 16:58
43,Elon Musk,@pcgamer Great game,35925.0,1277.0,23-10-2022 13:31
44,Elon Musk,"Maybe it was a social media algorithm, not even people",53403.0,3989.0,23-10-2022 13:29
45,Elon Musk,Think about who might have decided ‚ÄúThe Current Thing‚Äù before accepting it,113306.0,12460.0,23-10-2022 13:26
46,Elon Musk,"Who decides ‚ÄúThe Current Thing?‚Äù
Real question. I don‚Äôt know.",116769.0,9180.0,23-10-2022 13:21
47,Elon Musk,@andst7 Exactly. WaPo are such hypocrites.,17195.0,1392.0,23-10-2022 13:10
48,Elon Musk,Neuralink show &amp; tell now on Nov 30,61933.0,4864.0,23-10-2022 12:19
49,Elon Musk,@muskQu0tes @SpaceX Had to be done,11588.0,532.0,23-10-2022 12:11
50,Elon Musk,@Gfilche @MartinViecha We‚Äôve come a long way,10958.0,563.0,23-10-2022 01:41
51,Elon Musk,"i know
|nothing|
is forever",211899.0,22736.0,23-10-2022 00:29
52,Elon Musk,@michaelmalice @washingtonpost Good point ü§î,36854.0,1895.0,22-10-2022 20:24
53,Elon Musk,@MuskUniversity This needs to change. Manufacturing is awesome!,19386.0,1325.0,22-10-2022 19:54
54,Elon Musk,@muskQu0tes It will happen,23152.0,1106.0,22-10-2022 17:24
55,Elon Musk,@DavidSacks @TheAtlantic @davidfrum @EliotACohen Hear! Hear!,11610.0,712.0,22-10-2022 16:00
56,Elon Musk,"@ruthbenghiat Why are you perpetuating propaganda concocted by the oil &amp; gas industry to distract you from the 6 trillion dollars per *year* of subsidies those companies receive?
https://t.co/XZxDJAPE9a",24501.0,2163.0,22-10-2022 15:06
57,Elon Musk,"@stillgray @DavidSacks Switzerland &amp; Belgium have great chocolate, but I do also love eccentric British &amp; Irish artisanal sweet shops",2003.0,107.0,22-10-2022 07:00
58,Elon Musk,@DavidSacks Good thread,3761.0,265.0,22-10-2022 00:39
59,Elon Musk,"@teslaownersSV Next week. It‚Äôs actually a major release, so a lot more internal testing is needed before going to public beta.",8565.0,556.0,21-10-2022 22:43
60,Elon Musk,@ksadjadpour Cool,13902.0,867.0,21-10-2022 22:33
61,Elon Musk,"@DavidSacks ü§£ü§£ 

Although there could be more R&amp;D in candy tbh. Feels like there hasn‚Äôt been much improvement in decades.",27075.0,1039.0,21-10-2022 22:20
62,Elon Musk,"@WholeMarsBlog Headline is misleading. Starlink can obviously offer far more robust positioning than GPS, as it will have ~1000X more satellites over time. 

Not all will have line of sight to users, but still &gt;10X GPS &amp; far stronger signal.

Just not today‚Äôs problem.",9831.0,762.0,21-10-2022 18:25
63,Elon Musk,@eigenrobot One of my favorite conspiracy theories is that the world is actually 80% men,2735.0,133.0,21-10-2022 17:01
64,Elon Musk,@ChessProblem un ass ailable logic!,2797.0,128.0,21-10-2022 13:22
65,Elon Musk,@teslaownersSV Yes,4890.0,183.0,21-10-2022 07:25
66,Elon Musk,"@LifeboatHQ You‚Äôre right. Eventually, we all run out of time. https://t.co/GyXk9uZLIW",2138.0,119.0,21-10-2022 06:39
67,Elon Musk,"Only Giga Berlin can make these colors, as paint shop was specially built to apply many fine layers of paint, giving it complexity not otherwise possible https://t.co/Htis0LfRzV",42072.0,2900.0,21-10-2022 06:34
68,Elon Musk,"@teslaownersSV @BillyM2k Varies a lot. Tesla &amp; SpaceX are in good positions, but many other companies are not. 

Recessions do have a silver lining in that companies that shouldn‚Äôt exist stop existing.",3623.0,337.0,21-10-2022 06:11
69,Elon Musk,"@RenataKonkoly @ThorstenBasch @spideycyp_155 @BillyM2k Those who want Putin removed are laboring under the misapprehension that whoever replaces him will be more amenable to peace or western philosophy, but I think this is unlikely ‚Äì the Kremlin is not the Nice Guy Olympics",5406.0,508.0,21-10-2022 05:54
70,Elon Musk,"@ThorstenBasch @spideycyp_155 @BillyM2k Russia overrunning Ukraine would destabilize the entire region, perhaps the world",1484.0,102.0,21-10-2022 05:45
71,Elon Musk,"@spideycyp_155 @BillyM2k If Russia faced calamitous defeat in conventional warfare for something as strategically critical as Crimea, the probability of using nuclear weapons is high",1465.0,123.0,21-10-2022 05:12
72,Elon Musk,@jamesplloyd @SpaceX I do. Yes.,2029.0,78.0,21-10-2022 05:09
73,Elon Musk,"@spideycyp_155 @BillyM2k Still very unlikely, but this is the closest we‚Äôve been since Cuba in ‚Äò62",1582.0,102.0,21-10-2022 05:06
74,Elon Musk,"@teslaownersSV @BillyM2k Just guessing, but probably until spring of ‚Äò24",5054.0,561.0,21-10-2022 04:53
75,Elon Musk,@BillyM2k It sure would be nice to have one year without a horrible global event,50073.0,3155.0,21-10-2022 04:51
76,Elon Musk,@AndrewPerpetua ‚ÄúBrutal for both sides‚Äù will be a common phrase in the months to come,1555.0,91.0,21-10-2022 04:42
77,Elon Musk,@bgarlinghouse No way,20196.0,2842.0,21-10-2022 02:57
78,Elon Musk,@SamitoFPS Maybe,3127.0,153.0,21-10-2022 02:00
79,Elon Musk,@NewsfromScience Certainly warrants closer scrutiny,16245.0,1303.0,21-10-2022 01:50
80,Elon Musk,"@MedvedevRussiaE @trussliz Btw, how‚Äôs it going in Bakhmut?",15340.0,751.0,20-10-2022 21:20
81,Elon Musk,@MedvedevRussiaE @trussliz Pretty good troll tbh,39191.0,1347.0,20-10-2022 21:12
82,Elon Musk,@Alan_McGuinness *humour,4777.0,125.0,20-10-2022 21:07
83,Elon Musk,@ilyasut I couldn‚Äôt agree more üòú,2418.0,100.0,20-10-2022 20:37
84,Elon Musk,@Alan_McGuinness British humor is the best,58475.0,1981.0,20-10-2022 20:36
85,Elon Musk,@PPathole @EvaFoxU @DavidSacks Compromise is overwhelmingly the most likely outcome ‚Äì just a question of how much death &amp; destruction happens before then,4643.0,383.0,20-10-2022 17:42
86,Elon Musk,@gaborgurbacs @EvaFoxU @DavidSacks That should be the nature of the debate,1395.0,71.0,20-10-2022 17:39
87,Elon Musk,"@EvaFoxU @DavidSacks Most probable outcome by far is a horrible war of attrition that destroys Ukraine &amp; severely damages Russia, with massive body count on both sides.

And, in the end, the same outcome. 

So why?",3209.0,265.0,20-10-2022 17:32
88,Elon Musk,@DavidSacks Exactly,26370.0,1104.0,20-10-2022 16:43
89,Elon Musk,Congrats to @SpaceX team on 48th launch this year! Falcon 9 now holds record for most launches of a single vehicle type in a year.,75918.0,5308.0,20-10-2022 16:31
90,Elon Musk,@Neuro_Skeptic Same,6627.0,287.0,20-10-2022 09:26
91,Elon Musk,@marenkahnert @jasondebolt Exactly,1963.0,79.0,20-10-2022 07:57
92,Elon Musk,"@Teslarati @13ericralph31 SpaceX has more active satellites in orbit than rest of Earth combined, tracking to double rest of Earth soon",16597.0,1465.0,20-10-2022 07:30
93,Elon Musk,"@jasondebolt The media reports with great fanfare my predictions that are late, but rarely those that come early",23663.0,1569.0,20-10-2022 06:52
94,Elon Musk,@Teslarati @JohnnaCrider1 Accelerating sustainable energy is our primary mission,18526.0,1458.0,20-10-2022 00:10
95,Elon Musk,"@westcoastbill Will require truly exceptional execution, but it is possible",11060.0,745.0,19-10-2022 22:33
96,Elon Musk,"I will not let you down, no matter what it takes",392237.0,35111.0,19-10-2022 18:46
97,Elon Musk,@DirtyTesLa Awesome,2381.0,88.0,19-10-2022 18:13
98,Elon Musk,"We even did a Starlink video call on one airplane aloft to Starlink on another, far away, airplane aloft and it worked perfectly with no lag!",37029.0,2060.0,19-10-2022 17:02
99,Elon Musk,Vox Populi Vox Dei,53880.0,5709.0,19-10-2022 16:59
100,Elon Musk,"@chazman @aelluswamy Several major architectural upgrades in 10.69.3, so it‚Äôs much more than a point release, but we‚Äôre sticking with 10.69 just cause haha",7090.0,470.0,19-10-2022 13:45
101,Elon Musk,@BillyM2k @atrupar Sounds fair,5357.0,215.0,19-10-2022 04:38
102,Elon Musk,@BillyM2k Definitely giving me kid naming ideas ü§£,43868.0,1364.0,19-10-2022 03:59
103,Elon Musk,And ‚Ä¶ sold out!,57905.0,1745.0,19-10-2022 03:58
104,Elon Musk,Internet in airplanes will feel same as if you were accessing Internet at home! https://t.co/Mfl2ixYnJH,98109.0,8082.0,19-10-2022 03:37
105,Elon Musk,"28,700 bottles of exquisite Burnt Hair perfume already sold! 

Only 1,300 left of this unique, limited edition, collector‚Äôs item. https://t.co/Gh2Zg7B5qX",46000.0,3324.0,19-10-2022 01:42
106,Elon Musk,@cb_doge @alex_avoigt We‚Äôre working on it. Hope to release something next week.,2900.0,183.0,19-10-2022 00:07
107,Elon Musk,"@alex_avoigt No money from DoD, but several other countries, orgs &amp; individuals are paying for ~11k/25k terminals (thanks!).

SpaceX is losing ~$20M/month due to unpaid service &amp; costs related to enhanced security measures for cyberwar defense, but we‚Äôll keep doing it (sigh).",33352.0,2801.0,19-10-2022 00:06
108,Elon Musk,"@atrupar Smart? Maybe. 
Does dumb stuff? Definitely!",12432.0,589.0,18-10-2022 20:27
109,Elon Musk,@balajis True,2671.0,102.0,18-10-2022 19:11
110,Elon Musk,@520AlRihla Exactly,1531.0,64.0,18-10-2022 15:12
111,Elon Musk,"@larryronaldpar1 Should I make weapons? Ideally, not.",3868.0,205.0,18-10-2022 15:07
112,Elon Musk,@TeslaHype An easy prediction,4861.0,160.0,18-10-2022 15:03
113,Elon Musk,"Drone War I
https://t.co/erVME0CbbN",55658.0,5267.0,18-10-2022 14:35
114,Elon Musk,@teslaownersSV (Actually) Smart Summon is almost done,15877.0,785.0,18-10-2022 06:11
115,Elon Musk,@Teslaconomics Yes,12232.0,571.0,18-10-2022 02:19
116,Elon Musk,@stoolpresidente I have a plan,64821.0,2331.0,18-10-2022 01:52
117,Elon Musk,@TeslaAIBot @SpaceX @Tesla Thanks Optimus :),18697.0,708.0,18-10-2022 00:27
118,Elon Musk,"@SawyerMerritt @SpaceX To be precise, 25,300 terminals were sent to Ukraine, but, at present, only 10,630 are paying for service",9328.0,743.0,17-10-2022 19:57
119,Elon Musk,@SawyerMerritt @SpaceX SpaceX has already withdrawn its request for funding,57357.0,3214.0,17-10-2022 19:52
120,Elon Musk,"@starrski71 @RenataKonkoly @EvaFoxU @kadubai11 @spideycyp_155 Wrong analogy. America also had a humiliating withdrawal from Afghanistan. No one in America sees that country as part of America.

Crimea *is* seen as a crucial part of Russia by Russia, much as Hawaii is seen as a crucial part of America.",8736.0,895.0,17-10-2022 14:03
121,Elon Musk,@PPathole @spideycyp_155 Probably not,2294.0,91.0,17-10-2022 13:48
122,Elon Musk,@zerohedge Practice makes perfect ‚Ä¶,45837.0,2727.0,17-10-2022 13:47
123,Elon Musk,"@RenataKonkoly @EvaFoxU @kadubai11 @spideycyp_155 Russia has been punched in the nose and forced to retreat many times by Ukraine. 

But what you don‚Äôt want to do is give Russia a choice of total, humiliating defeat or nukes ‚Äì then the probability of them using nukes is high.",3448.0,243.0,17-10-2022 13:46
124,Elon Musk,"@kadubai11 @spideycyp_155 Obviously many disagree with this logic, but what do they think is their probability of being wrong about WW3. 

If they say 0%, they are utterly dangerous fools.",4944.0,380.0,17-10-2022 13:41
125,Elon Musk,"@kadubai11 @spideycyp_155 But, hey, look on the bright side! At least Russia doesn‚Äôt get Crimea in that scenario, so you can be comforted by that thought, while watching the mushroom clouds rise.",11703.0,1003.0,17-10-2022 13:30
126,Elon Musk,"@kadubai11 @spideycyp_155 If Russia faces destruction of their army and utter defeat by NATO, they will use nukes, then NATO will respond with nukes and civilization is over",9845.0,1197.0,17-10-2022 13:25
127,Elon Musk,"@spideycyp_155 Whether one likes it or not, Crimea is absolutely seen as a core part of Russia by Russia. 

Crimea is also of critical national security importance to Russia, as it is their southern navy base.

From their standpoint losing Crimea is like USA losing Hawaii &amp; Pearl Harbor.",15883.0,2523.0,17-10-2022 13:17
128,Elon Musk,@hyiki22 @spideycyp_155 Exactly,3728.0,156.0,17-10-2022 12:53
129,Elon Musk,"@spideycyp_155 If Russia is faced with the choice of losing Crimea or using battlefield nukes, they will choose the latter.

We‚Äôve already sanctioned/cutoff Russia in every possible way, so what more do they have left to lose? 

If we nuke Russia back, they will nuke us and then we have WW3.",19765.0,3111.0,17-10-2022 12:46
130,Elon Musk,Exceptionally well-said https://t.co/UT8fXG0MeF,59111.0,9275.0,17-10-2022 12:32
131,Elon Musk,"@rhensing @keith_dorschner @teslaownersSV Standard (non-performance) 3 &amp; Y suspension in production now has improved comfort, without affecting handling",2536.0,211.0,17-10-2022 12:14
132,Elon Musk,"@DrKnowItAll16 @pirate3Guy @HSerunjogi Yeah, RV version is lower priority than standard version. 

You should still see high speeds during off hours. Is that happening?

As we add more satellites &amp; upgrade satellite technology, speeds in high user density locations should see significant increases.",1693.0,84.0,17-10-2022 11:52
133,Elon Musk,"Ok, we will add a donate option to Starlink",74035.0,4098.0,17-10-2022 07:01
134,Elon Musk,"@pirate3Guy @HSerunjogi That‚Äôs oddly low. Normally, much higher.",2312.0,54.0,17-10-2022 07:00
135,Elon Musk,Are there others that want to donate Starlinks to places in need? https://t.co/M0ASMenMRD,63326.0,5432.0,17-10-2022 06:55
136,Elon Musk,@HSerunjogi Ok,22075.0,589.0,17-10-2022 05:54
137,Elon Musk,@DogecoinNorway @moxie @ID_AA_Carmack ü§£ that‚Äôs happened to me many times,1697.0,68.0,17-10-2022 05:52
138,Elon Musk,@moxie @ID_AA_Carmack A much quieter leaf blower is possible,1986.0,99.0,17-10-2022 05:47
139,Elon Musk,"@teslaownersSV This is harder than it sounds, but ok",6975.0,298.0,16-10-2022 21:55
140,Elon Musk,Deus X Machina,67241.0,4193.0,16-10-2022 21:51
141,Elon Musk,"@ChrisG_NSF We are proceeding very carefully. If there is a RUD on the pad, Starship progress will be set back by ~6 months.",10708.0,691.0,16-10-2022 20:26
142,Elon Musk,@Rainmaker1973 Game over when (not if) Earth gets hit by an object of that size,69101.0,3382.0,16-10-2022 15:39
143,Elon Musk,@N_Schmid Ramen &gt;&gt; Lambos,3102.0,190.0,16-10-2022 15:01
144,Elon Musk,@Rainmaker1973 Used a lot in rocketry,6928.0,366.0,16-10-2022 14:59
145,Elon Musk,So true https://t.co/PwmxUVU2Fc,238913.0,22035.0,16-10-2022 14:26
146,Elon Musk,@Rainmaker1973 Every millipede has its millennia,13334.0,493.0,16-10-2022 14:17
147,Elon Musk,@HardcoreHistory We should bring back their outfits,15528.0,494.0,16-10-2022 14:14
148,Elon Musk,@karpathy Good thread,6712.0,276.0,16-10-2022 14:10
149,Elon Musk,Fancy a game of meme tennis? https://t.co/d9tqIlg7nB,44742.0,2825.0,16-10-2022 05:17
150,Elon Musk,Buy Burnt Hair from a company that digs holes!,34196.0,1628.0,16-10-2022 05:13
151,Elon Musk,@chicago_glenn I read this as goth clowns lonely,3738.0,138.0,16-10-2022 05:02
152,Elon Musk,Did you hear about the dyslexic KBG agent ‚Äì it‚Äôs pot secret!,94715.0,5101.0,16-10-2022 04:51
153,Elon Musk,"Venn diagram intersection of those two audiences is pretty small, I guess",14724.0,556.0,16-10-2022 04:46
154,Elon Musk,Not as popular as I‚Äôd hoped (sigh),16678.0,619.0,16-10-2022 04:44
155,Elon Musk,"Pitching my idea once again for a crossover of Das Boot &amp; Boss Baby.

‚ÄúDas Baby‚Äù ‚Äì Hijinks on the high seas! https://t.co/FieRmSthp2",31397.0,1975.0,16-10-2022 03:41
156,Elon Musk,"@teslaownersSV @oldmordim Just a scratch, we can buff it out",4065.0,184.0,16-10-2022 03:35
157,Elon Musk,@oldmordim Mostly accurate,2152.0,87.0,16-10-2022 03:31
158,Elon Musk,The comments in this thread are a conspiracy theorist‚Äôs wet dream,63060.0,2358.0,16-10-2022 03:24
159,Elon Musk,@EvaFoxU Yup,7734.0,289.0,16-10-2022 00:26
160,Elon Musk,@EvaFoxU 7 years ago,11383.0,378.0,15-10-2022 23:43
161,Elon Musk,@FutureJurvetson @SpaceX Definitely one of the strangest meetings I‚Äôve ever experienced. @adeoressi was there too.,8637.0,354.0,15-10-2022 20:18
162,Elon Musk,@KimDotcom @Twitter I‚Äôm trying my hardest to de-escalate this situation and obviously failing,23649.0,1845.0,15-10-2022 20:15
163,Elon Musk,"@KimDotcom @Twitter Damned if you do, damned if you don‚Äôt, so ‚Ä¶ guess I‚Äôm just damned",18706.0,1027.0,15-10-2022 19:52
164,Elon Musk,"@SawyerMerritt Starship &amp; next-gen Starlink satellites are key, but much risk lies ahead before those are working at scale",3736.0,208.0,15-10-2022 19:48
165,Elon Musk,@RaheemKassam The hilarious thing is you‚Äôre not wrong ü§£,8447.0,446.0,15-10-2022 19:35
166,Elon Musk,@EvaFoxU So it goes ‚Ä¶,13719.0,257.0,15-10-2022 19:31
167,Elon Musk,@gainzy222 Fate loves irony,28635.0,731.0,15-10-2022 18:18
168,Elon Musk,"@DavidSacks Even so, we should still do good deeds",66093.0,2220.0,15-10-2022 18:14
169,Elon Musk,"The hell with it ‚Ä¶ even though Starlink is still losing money &amp; other companies are getting billions of taxpayer $, we‚Äôll just keep funding Ukraine govt for free",515651.0,39422.0,15-10-2022 18:06
170,Elon Musk,"@Brian_J_Berger That dude is not just a ‚Äúcondition of anonymity‚Äù spineless coward, he‚Äôs also an ignorant fool. Starlink was directly requested by the Ukraine government, as it was the only thing that worked.",7719.0,661.0,15-10-2022 17:43
171,Elon Musk,"@spideycyp_155 @PPathole @ashleevance It has required a lot of our resources. Going into super lockdown mode slows down new development progress, as we have to resist attacks from a sophisticated adversary actively at war.",3226.0,246.0,15-10-2022 17:17
172,Elon Musk,"@ashleevance DoD provided about 3% of the Falcon 1 development cost. Appreciated, certainly, but should be seen in context.",3323.0,224.0,15-10-2022 17:08
173,Elon Musk,@PPathole @ashleevance Of course. And their signal jamming systems are also getting better.,3243.0,227.0,15-10-2022 16:56
174,Elon Musk,"@ashleevance The amount SpaceX is requesting for a major battlefield advantage is less than the cost of one new GPS satellite. Ironically, GPS doesn‚Äôt work on battlefields, as the signal is easy to jam, but Starlink does.",20168.0,1540.0,15-10-2022 16:37
175,Elon Musk,"@ajtourville Would be great if someday humanity stopped pointing nukes at itself that would destroy almost all life on Earth.

In any given year, there is a chance above zero that they will be launched. We are now at the highest risk in 60 years.

https://t.co/hSqNeYHNX1",5474.0,817.0,15-10-2022 16:33
176,Elon Musk,"@WholeMarsBlog Curses, foiled again!",27389.0,766.0,15-10-2022 06:36
177,Elon Musk,@mtaibbi Accurate,17508.0,765.0,15-10-2022 04:58
178,Elon Musk,"@ajtourville Russia has the ability to destroy USA &amp; Europe utterly with nuclear missiles in less than 30 minutes &amp; vice versa.

A surprising number of people don‚Äôt know this.

Of course, it would be MAD to use them, but it is also MAD to be in this situation at all.",26663.0,5650.0,15-10-2022 01:33
179,Elon Musk,@nichegamer This has potential,7694.0,297.0,15-10-2022 01:20
180,Elon Musk,"@rschmied @spideycyp_155 @SawyerMerritt @SpaceX Internet fiber, phone lines, cell towers &amp; other space-based comms in war areas have been destroyed. 

Starlink is all that‚Äôs left. For now.

https://t.co/CdjbOWgziz",3792.0,380.0,15-10-2022 01:19
181,Elon Musk,@FedorovMykhailo Thank you for clarifying this üíôüá∫üá¶üíõ,50531.0,1671.0,15-10-2022 00:52
182,Elon Musk,"@StonksReddit @rschmied @spideycyp_155 @SawyerMerritt @SpaceX Starlink is the primary communications system of the Ukrainian army on the war front. If anyone else wants this job, please be my guest ‚Ä¶",8805.0,1187.0,15-10-2022 00:49
183,Elon Musk,"@rschmied @spideycyp_155 @SawyerMerritt @SpaceX Big difference between peace comms vs warfront comms. 

Starlink is only comms system still working at warfront ‚Äì others all dead. 

Russia is actively trying to kill Starlink. To safeguard, SpaceX has diverted massive resources towards defense.

Even so, Starlink may still die.",6398.0,921.0,15-10-2022 00:12
184,Elon Musk,@EvaFoxU @Nobody_Really7 @EvaKBartlett Concerning,4442.0,332.0,14-10-2022 23:13
185,Elon Musk,@stillgray Are there citizens of nations who are helping Ukraine on this list?,4759.0,478.0,14-10-2022 21:50
186,Elon Musk,"@ajtourville But surely no reasonable person would launch nuclear war?

The problem with that logic is if we were dealing with reasonable people, we wouldn‚Äôt have war in the first place.",17837.0,2232.0,14-10-2022 21:39
187,Elon Musk,@EvaKBartlett Is this list real? What‚Äôs the URL?,14630.0,1686.0,14-10-2022 21:02
188,Elon Musk,Yay!! https://t.co/lviRHDJZRB,25249.0,2880.0,14-10-2022 20:56
189,Elon Musk,@Rainmaker1973 People should never fear turbulence. Commercial airliner wings can handle insane amounts of bending.,87629.0,3805.0,14-10-2022 16:22
190,Elon Musk,@mtaibbi The right question to ask,50103.0,3240.0,14-10-2022 14:43
191,Elon Musk,@officejjsmart @MelnykAndrij We‚Äôre just following his recommendation ü§∑‚Äç‚ôÇÔ∏è,233536.0,18937.0,14-10-2022 07:14
192,Elon Musk,"@narutium @SawyerMerritt Falcon can probably get Starlink past breakeven, but Starship is needed to fund Mars",3895.0,224.0,14-10-2022 06:48
193,Elon Musk,@TeslaOwnersEBay @SawyerMerritt @SpaceX Yes,2736.0,125.0,14-10-2022 06:45
194,Elon Musk,"@spideycyp_155 @SawyerMerritt @SpaceX In addition to terminals, we have to create, launch, maintain &amp; replenish satellites &amp; ground stations &amp; pay telcos for access to Internet via gateways. 

We‚Äôve also had to defend against cyberattacks &amp; jamming, which are getting harder.

Burn is approaching ~$20M/month.",8152.0,1114.0,14-10-2022 06:44
195,Elon Musk,"@SawyerMerritt Also, Starlink is still losing money! It is insanely difficult for a LEO communications constellation to avoid bankruptcy ‚Äì that was the fate of every company that tried this before.

When asked what the goal of Starlink was at a space conference, I said ‚Äúnot go bankrupt‚Äù.",5464.0,473.0,14-10-2022 06:35
196,Elon Musk,@BogusThought @SawyerMerritt @rfdctr Maybe the üêà got their üëÖ,4649.0,262.0,14-10-2022 06:29
197,Elon Musk,@spideycyp_155 @SawyerMerritt @rfdctr @SpaceX Very few in Iran so far,2501.0,133.0,14-10-2022 06:28
198,Elon Musk,"@SawyerMerritt Strange that nothing was leaked about our competitors in space launch &amp; communications, Lockheed &amp; Boeing, who get over $60B ‚Ä¶

Wouldn‚Äôt be surprised to find this particular individual working there when he retires from DoD. Corruption at its finest.",8437.0,1181.0,14-10-2022 06:21
199,Elon Musk,,,,
200,Elon Musk,,,,
201,Elon Musk,,,,
202,Elon Musk,,,,
203,Elon Musk,,,,
204,Elon Musk,,,,
205,Elon Musk,,,,
206,Elon Musk,,,,
207,Elon Musk,,,,
208,Elon Musk,,,,
209,Elon Musk,,,,
210,Elon Musk,,,,
211,Elon Musk,,,,
212,Elon Musk,,,,
213,Elon Musk,,,,
214,Elon Musk,,,,
215,Elon Musk,,,,
216,Elon Musk,,,,
217,Elon Musk,,,,
218,Elon Musk,,,,
219,Elon Musk,,,,
220,Elon Musk,,,,
221,Elon Musk,,,,
222,Elon Musk,,,,
223,Elon Musk,,,,
224,Elon Musk,,,,
225,Elon Musk,,,,
226,Elon Musk,,,,
227,Elon Musk,,,,
228,Elon Musk,,,,
229,Elon Musk,,,,
230,Elon Musk,,,,
231,Elon Musk,,,,
232,Elon Musk,,,,
233,Elon Musk,,,,
234,Elon Musk,,,,
235,Elon Musk,,,,
236,Elon Musk,,,,
237,Elon Musk,,,,
238,Elon Musk,,,,
239,Elon Musk,,,,
240,Elon Musk,,,,
241,Elon Musk,,,,
242,Elon Musk,,,,
243,Elon Musk,,,,
244,Elon Musk,,,,
245,Elon Musk,,,,
246,Elon Musk,,,,
247,Elon Musk,,,,
248,Elon Musk,,,,
249,Elon Musk,,,,
250,Elon Musk,,,,
251,Elon Musk,,,,
252,Elon Musk,,,,
253,Elon Musk,,,,
254,Elon Musk,,,,
255,Elon Musk,,,,
256,Elon Musk,,,,
257,Elon Musk,,,,
258,Elon Musk,,,,
259,Elon Musk,,,,
260,Elon Musk,,,,
261,Elon Musk,,,,
262,Elon Musk,,,,
263,Elon Musk,,,,
264,Elon Musk,,,,
265,Elon Musk,,,,
266,Elon Musk,,,,
267,Elon Musk,,,,
268,Elon Musk,,,,
269,Elon Musk,,,,
270,Elon Musk,,,,
271,Elon Musk,,,,
272,Elon Musk,,,,
273,Elon Musk,,,,
274,Elon Musk,,,,
275,Elon Musk,,,,
276,Elon Musk,,,,
277,Elon Musk,,,,
278,Elon Musk,,,,
279,Elon Musk,,,,
280,Elon Musk,,,,
281,Elon Musk,,,,
282,Elon Musk,,,,
283,Elon Musk,,,,
284,Elon Musk,,,,
285,Elon Musk,,,,
286,Elon Musk,,,,
287,Elon Musk,,,,
288,Elon Musk,,,,
289,Elon Musk,,,,
290,Elon Musk,,,,
291,Elon Musk,,,,
292,Elon Musk,,,,
293,Elon Musk,,,,
294,Elon Musk,,,,
295,Elon Musk,,,,
296,Elon Musk,,,,
297,Elon Musk,,,,
298,Elon Musk,,,,
299,Elon Musk,,,,
300,Elon Musk,,,,
301,Elon Musk,,,,
302,Elon Musk,,,,
303,Elon Musk,,,,
304,Elon Musk,,,,
305,Elon Musk,,,,
306,Elon Musk,,,,
307,Elon Musk,,,,
308,Elon Musk,,,,
309,Elon Musk,,,,
310,Elon Musk,,,,
311,Elon Musk,,,,
312,Elon Musk,,,,
313,Elon Musk,,,,
314,Elon Musk,,,,
315,Elon Musk,,,,
316,Elon Musk,,,,
317,Elon Musk,,,,
318,Elon Musk,,,,
319,Elon Musk,,,,
320,Elon Musk,,,,
321,Elon Musk,,,,
322,Elon Musk,,,,
323,Elon Musk,,,,
324,Elon Musk,,,,
325,Elon Musk,,,,
326,Elon Musk,,,,
327,Elon Musk,,,,
328,Elon Musk,,,,
329,Elon Musk,,,,
330,Elon Musk,,,,
331,Elon Musk,,,,
332,Elon Musk,,,,
333,Elon Musk,,,,
334,Elon Musk,,,,
335,Elon Musk,,,,
336,Elon Musk,,,,
337,Elon Musk,,,,
338,Elon Musk,,,,
339,Elon Musk,,,,
340,Elon Musk,,,,
341,Elon Musk,,,,
342,Elon Musk,,,,
343,Elon Musk,,,,
344,Elon Musk,,,,
345,Elon Musk,,,,
346,Elon Musk,,,,
347,Elon Musk,,,,
348,Elon Musk,,,,
349,Elon Musk,,,,
350,Elon Musk,,,,
351,Elon Musk,,,,
352,Elon Musk,,,,
353,Elon Musk,,,,
354,Elon Musk,,,,
355,Elon Musk,,,,
356,Elon Musk,,,,
357,Elon Musk,,,,
358,Elon Musk,,,,
359,Elon Musk,,,,
360,Elon Musk,,,,
361,Elon Musk,,,,
362,Elon Musk,,,,
363,Elon Musk,,,,
364,Elon Musk,,,,
365,Elon Musk,,,,
366,Elon Musk,,,,
367,Elon Musk,,,,
368,Elon Musk,,,,
369,Elon Musk,,,,
370,Elon Musk,,,,
371,Elon Musk,,,,
372,Elon Musk,,,,
373,Elon Musk,,,,
374,Elon Musk,,,,
375,Elon Musk,,,,
376,Elon Musk,,,,
377,Elon Musk,,,,
378,Elon Musk,,,,
379,Elon Musk,,,,
380,Elon Musk,,,,
381,Elon Musk,,,,
382,Elon Musk,,,,
383,Elon Musk,,,,
384,Elon Musk,,,,
385,Elon Musk,,,,
386,Elon Musk,,,,
387,Elon Musk,,,,
388,Elon Musk,,,,
389,Elon Musk,,,,
390,Elon Musk,,,,
391,Elon Musk,,,,
392,Elon Musk,,,,
393,Elon Musk,,,,
394,Elon Musk,,,,
395,Elon Musk,,,,
396,Elon Musk,,,,
397,Elon Musk,,,,
398,Elon Musk,,,,
399,Elon Musk,,,,
400,Elon Musk,,,,
401,Elon Musk,,,,
402,Elon Musk,,,,
403,Elon Musk,,,,
404,Elon Musk,,,,
405,Elon Musk,,,,
406,Elon Musk,,,,
407,Elon Musk,,,,
408,Elon Musk,,,,
409,Elon Musk,,,,
410,Elon Musk,,,,
411,Elon Musk,,,,
412,Elon Musk,,,,
413,Elon Musk,,,,
414,Elon Musk,,,,
415,Elon Musk,,,,
416,Elon Musk,,,,
417,Elon Musk,,,,
418,Elon Musk,,,,
419,Elon Musk,,,,
420,Elon Musk,,,,
421,Elon Musk,,,,
422,Elon Musk,,,,
423,Elon Musk,,,,
424,Elon Musk,,,,
425,Elon Musk,,,,
426,Elon Musk,,,,
427,Elon Musk,,,,
428,Elon Musk,,,,
429,Elon Musk,,,,
430,Elon Musk,,,,
431,Elon Musk,,,,
432,Elon Musk,,,,
433,Elon Musk,,,,
434,Elon Musk,,,,
435,Elon Musk,,,,
436,Elon Musk,,,,
437,Elon Musk,,,,
438,Elon Musk,,,,
439,Elon Musk,,,,
440,Elon Musk,,,,
441,Elon Musk,,,,
442,Elon Musk,,,,
443,Elon Musk,,,,
444,Elon Musk,,,,
445,Elon Musk,,,,
446,Elon Musk,,,,
447,Elon Musk,,,,
448,Elon Musk,,,,
449,Elon Musk,,,,
450,Elon Musk,,,,
451,Elon Musk,,,,
452,Elon Musk,,,,
453,Elon Musk,,,,
454,Elon Musk,,,,
455,Elon Musk,,,,
456,Elon Musk,,,,
457,Elon Musk,,,,
458,Elon Musk,,,,
459,Elon Musk,,,,
460,Elon Musk,,,,
461,Elon Musk,,,,
462,Elon Musk,,,,
463,Elon Musk,,,,
464,Elon Musk,,,,
465,Elon Musk,,,,
466,Elon Musk,,,,
467,Elon Musk,,,,
468,Elon Musk,,,,
469,Elon Musk,,,,
470,Elon Musk,,,,
471,Elon Musk,,,,
472,Elon Musk,,,,
473,Elon Musk,,,,
474,Elon Musk,,,,
475,Elon Musk,,,,
476,Elon Musk,,,,
477,Elon Musk,,,,
478,Elon Musk,,,,
479,Elon Musk,,,,
480,Elon Musk,,,,
481,Elon Musk,,,,
482,Elon Musk,,,,
483,Elon Musk,,,,
484,Elon Musk,,,,
485,Elon Musk,,,,
486,Elon Musk,,,,
487,Elon Musk,,,,
488,Elon Musk,,,,
489,Elon Musk,,,,
490,Elon Musk,,,,
491,Elon Musk,,,,
492,Elon Musk,,,,
493,Elon Musk,,,,
494,Elon Musk,,,,
495,Elon Musk,,,,
496,Elon Musk,,,,
497,Elon Musk,,,,
498,Elon Musk,,,,
499,Elon Musk,,,,
500,Elon Musk,,,,
501,Elon Musk,,,,
502,Elon Musk,,,,
503,Elon Musk,,,,
504,Elon Musk,,,,
505,Elon Musk,,,,
506,Elon Musk,,,,
507,Elon Musk,,,,
508,Elon Musk,,,,
509,Elon Musk,,,,
510,Elon Musk,,,,
511,Elon Musk,,,,
512,Elon Musk,,,,
513,Elon Musk,,,,
514,Elon Musk,,,,
515,Elon Musk,,,,
516,Elon Musk,,,,
517,Elon Musk,,,,
518,Elon Musk,,,,
519,Elon Musk,,,,
520,Elon Musk,,,,
521,Elon Musk,,,,
522,Elon Musk,,,,
523,Elon Musk,,,,
524,Elon Musk,,,,
525,Elon Musk,,,,
526,Elon Musk,,,,
527,Elon Musk,,,,
528,Elon Musk,,,,
529,Elon Musk,,,,
530,Elon Musk,,,,
531,Elon Musk,,,,
532,Elon Musk,,,,
533,Elon Musk,,,,
534,Elon Musk,,,,
535,Elon Musk,,,,
536,Elon Musk,,,,
537,Elon Musk,,,,
538,Elon Musk,,,,
539,Elon Musk,,,,
540,Elon Musk,,,,
541,Elon Musk,,,,
542,Elon Musk,,,,
543,Elon Musk,,,,
544,Elon Musk,,,,
545,Elon Musk,,,,
546,Elon Musk,,,,
547,Elon Musk,,,,
548,Elon Musk,,,,
549,Elon Musk,,,,
550,Elon Musk,,,,
551,Elon Musk,,,,
552,Elon Musk,,,,
553,Elon Musk,,,,
554,Elon Musk,,,,
555,Elon Musk,,,,
556,Elon Musk,,,,
557,Elon Musk,,,,
558,Elon Musk,,,,
559,Elon Musk,,,,
560,Elon Musk,,,,
561,Elon Musk,,,,
562,Elon Musk,,,,
563,Elon Musk,,,,
564,Elon Musk,,,,
565,Elon Musk,,,,
566,Elon Musk,,,,
567,Elon Musk,,,,
568,Elon Musk,,,,
569,Elon Musk,,,,
570,Elon Musk,,,,
571,Elon Musk,,,,
572,Elon Musk,,,,
573,Elon Musk,,,,
574,Elon Musk,,,,
575,Elon Musk,,,,
576,Elon Musk,,,,
577,Elon Musk,,,,
578,Elon Musk,,,,
579,Elon Musk,,,,
580,Elon Musk,,,,
581,Elon Musk,,,,
582,Elon Musk,,,,
583,Elon Musk,,,,
584,Elon Musk,,,,
585,Elon Musk,,,,
586,Elon Musk,,,,
587,Elon Musk,,,,
588,Elon Musk,,,,
589,Elon Musk,,,,
590,Elon Musk,,,,
591,Elon Musk,,,,
592,Elon Musk,,,,
593,Elon Musk,,,,
594,Elon Musk,,,,
595,Elon Musk,,,,
596,Elon Musk,,,,
597,Elon Musk,,,,
598,Elon Musk,,,,
599,Elon Musk,,,,
600,Elon Musk,,,,
601,Elon Musk,,,,
602,Elon Musk,,,,
603,Elon Musk,,,,
604,Elon Musk,,,,
605,Elon Musk,,,,
606,Elon Musk,,,,
607,Elon Musk,,,,
608,Elon Musk,,,,
609,Elon Musk,,,,
610,Elon Musk,,,,
611,Elon Musk,,,,
612,Elon Musk,,,,
613,Elon Musk,,,,
614,Elon Musk,,,,
615,Elon Musk,,,,
616,Elon Musk,,,,
617,Elon Musk,,,,
618,Elon Musk,,,,
619,Elon Musk,,,,
620,Elon Musk,,,,
621,Elon Musk,,,,
622,Elon Musk,,,,
623,Elon Musk,,,,
624,Elon Musk,,,,
625,Elon Musk,,,,
626,Elon Musk,,,,
627,Elon Musk,,,,
628,Elon Musk,,,,
629,Elon Musk,,,,
630,Elon Musk,,,,
631,Elon Musk,,,,
632,Elon Musk,,,,
633,Elon Musk,,,,
634,Elon Musk,,,,
635,Elon Musk,,,,
636,Elon Musk,,,,
637,Elon Musk,,,,
638,Elon Musk,,,,
639,Elon Musk,,,,
640,Elon Musk,,,,
641,Elon Musk,,,,
642,Elon Musk,,,,
643,Elon Musk,,,,
644,Elon Musk,,,,
645,Elon Musk,,,,
646,Elon Musk,,,,
647,Elon Musk,,,,
648,Elon Musk,,,,
649,Elon Musk,,,,
650,Elon Musk,,,,
651,Elon Musk,,,,
652,Elon Musk,,,,
653,Elon Musk,,,,
654,Elon Musk,,,,
655,Elon Musk,,,,
656,Elon Musk,,,,
657,Elon Musk,,,,
658,Elon Musk,,,,
659,Elon Musk,,,,
660,Elon Musk,,,,
661,Elon Musk,,,,
662,Elon Musk,,,,
663,Elon Musk,,,,
664,Elon Musk,,,,
665,Elon Musk,,,,
666,Elon Musk,,,,
667,Elon Musk,,,,
668,Elon Musk,,,,
669,Elon Musk,,,,
670,Elon Musk,,,,
671,Elon Musk,,,,
672,Elon Musk,,,,
673,Elon Musk,,,,
674,Elon Musk,,,,
675,Elon Musk,,,,
676,Elon Musk,,,,
677,Elon Musk,,,,
678,Elon Musk,,,,
679,Elon Musk,,,,
680,Elon Musk,,,,
681,Elon Musk,,,,
682,Elon Musk,,,,
683,Elon Musk,,,,
684,Elon Musk,,,,
685,Elon Musk,,,,
686,Elon Musk,,,,
687,Elon Musk,,,,
688,Elon Musk,,,,
689,Elon Musk,,,,
690,Elon Musk,,,,
691,Elon Musk,,,,
692,Elon Musk,,,,
693,Elon Musk,,,,
694,Elon Musk,,,,
695,Elon Musk,,,,
696,Elon Musk,,,,
697,Elon Musk,,,,
698,Elon Musk,,,,
699,Elon Musk,,,,
700,Elon Musk,,,,
701,Elon Musk,,,,
702,Elon Musk,,,,
703,Elon Musk,,,,
704,Elon Musk,,,,
705,Elon Musk,,,,
706,Elon Musk,,,,
707,Elon Musk,,,,
708,Elon Musk,,,,
709,Elon Musk,,,,
710,Elon Musk,,,,
711,Elon Musk,,,,
712,Elon Musk,,,,
713,Elon Musk,,,,
714,Elon Musk,,,,
715,Elon Musk,,,,
716,Elon Musk,,,,
717,Elon Musk,,,,
718,Elon Musk,,,,
719,Elon Musk,,,,
720,Elon Musk,,,,
721,Elon Musk,,,,
722,Elon Musk,,,,
723,Elon Musk,,,,
724,Elon Musk,,,,
725,Elon Musk,,,,
726,Elon Musk,,,,
727,Elon Musk,,,,
728,Elon Musk,,,,
729,Elon Musk,,,,
730,Elon Musk,,,,
731,Elon Musk,,,,
732,Elon Musk,,,,
733,Elon Musk,,,,
734,Elon Musk,,,,
735,Elon Musk,,,,
736,Elon Musk,,,,
737,Elon Musk,,,,
738,Elon Musk,,,,
739,Elon Musk,,,,
740,Elon Musk,,,,
741,Elon Musk,,,,
742,Elon Musk,,,,
743,Elon Musk,,,,
744,Elon Musk,,,,
745,Elon Musk,,,,
746,Elon Musk,,,,
747,Elon Musk,,,,
748,Elon Musk,,,,
749,Elon Musk,,,,
750,Elon Musk,,,,
751,Elon Musk,,,,
752,Elon Musk,,,,
753,Elon Musk,,,,
754,Elon Musk,,,,
755,Elon Musk,,,,
756,Elon Musk,,,,
757,Elon Musk,,,,
758,Elon Musk,,,,
759,Elon Musk,,,,
760,Elon Musk,,,,
761,Elon Musk,,,,
762,Elon Musk,,,,
763,Elon Musk,,,,
764,Elon Musk,,,,
765,Elon Musk,,,,
766,Elon Musk,,,,
767,Elon Musk,,,,
768,Elon Musk,,,,
769,Elon Musk,,,,
770,Elon Musk,,,,
771,Elon Musk,,,,
772,Elon Musk,,,,
773,Elon Musk,,,,
774,Elon Musk,,,,
775,Elon Musk,,,,
776,Elon Musk,,,,
777,Elon Musk,,,,
778,Elon Musk,,,,
779,Elon Musk,,,,
780,Elon Musk,,,,
781,Elon Musk,,,,
782,Elon Musk,,,,
783,Elon Musk,,,,
784,Elon Musk,,,,
785,Elon Musk,,,,
786,Elon Musk,,,,
787,Elon Musk,,,,
788,Elon Musk,,,,
789,Elon Musk,,,,
790,Elon Musk,,,,
791,Elon Musk,,,,
792,Elon Musk,,,,
793,Elon Musk,,,,
794,Elon Musk,,,,
795,Elon Musk,,,,
796,Elon Musk,,,,
797,Elon Musk,,,,
798,Elon Musk,,,,
799,Elon Musk,,,,
800,Elon Musk,,,,
801,Elon Musk,,,,
802,Elon Musk,,,,
803,Elon Musk,,,,
804,Elon Musk,,,,
805,Elon Musk,,,,
806,Elon Musk,,,,
807,Elon Musk,,,,
808,Elon Musk,,,,
809,Elon Musk,,,,
810,Elon Musk,,,,
811,Elon Musk,,,,
812,Elon Musk,,,,
813,Elon Musk,,,,
814,Elon Musk,,,,
815,Elon Musk,,,,
816,Elon Musk,,,,
817,Elon Musk,,,,
818,Elon Musk,,,,
819,Elon Musk,,,,
820,Elon Musk,,,,
821,Elon Musk,,,,
822,Elon Musk,,,,
823,Elon Musk,,,,
824,Elon Musk,,,,
825,Elon Musk,,,,
826,Elon Musk,,,,
827,Elon Musk,,,,
828,Elon Musk,,,,
829,Elon Musk,,,,
830,Elon Musk,,,,
831,Elon Musk,,,,
832,Elon Musk,,,,
833,Elon Musk,,,,
834,Elon Musk,,,,
835,Elon Musk,,,,
836,Elon Musk,,,,
837,Elon Musk,,,,
838,Elon Musk,,,,
839,Elon Musk,,,,
840,Elon Musk,,,,
841,Elon Musk,,,,
842,Elon Musk,,,,
843,Elon Musk,,,,
844,Elon Musk,,,,
845,Elon Musk,,,,
846,Elon Musk,,,,
847,Elon Musk,,,,
848,Elon Musk,,,,
849,Elon Musk,,,,
850,Elon Musk,,,,
851,Elon Musk,,,,
852,Elon Musk,,,,
853,Elon Musk,,,,
854,Elon Musk,,,,
855,Elon Musk,,,,
856,Elon Musk,,,,
857,Elon Musk,,,,
858,Elon Musk,,,,
859,Elon Musk,,,,
860,Elon Musk,,,,
861,Elon Musk,,,,
862,Elon Musk,,,,
863,Elon Musk,,,,
864,Elon Musk,,,,
865,Elon Musk,,,,
866,Elon Musk,,,,
867,Elon Musk,,,,
868,Elon Musk,,,,
869,Elon Musk,,,,
870,Elon Musk,,,,
871,Elon Musk,,,,
872,Elon Musk,,,,
873,Elon Musk,,,,
874,Elon Musk,,,,
875,Elon Musk,,,,
876,Elon Musk,,,,
877,Elon Musk,,,,
878,Elon Musk,,,,
879,Elon Musk,,,,
880,Elon Musk,,,,
881,Elon Musk,,,,
882,Elon Musk,,,,
883,Elon Musk,,,,
884,Elon Musk,,,,
885,Elon Musk,,,,
886,Elon Musk,,,,
887,Elon Musk,,,,
888,Elon Musk,,,,
889,Elon Musk,,,,
890,Elon Musk,,,,
891,Elon Musk,,,,
892,Elon Musk,,,,
893,Elon Musk,,,,
894,Elon Musk,,,,
895,Elon Musk,,,,
896,Elon Musk,,,,
897,Elon Musk,,,,
898,Elon Musk,,,,
899,Elon Musk,,,,
900,Elon Musk,,,,
901,Elon Musk,,,,
902,Elon Musk,,,,
903,Elon Musk,,,,
904,Elon Musk,,,,
905,Elon Musk,,,,
906,Elon Musk,,,,
907,Elon Musk,,,,
908,Elon Musk,,,,
909,Elon Musk,,,,
910,Elon Musk,,,,
911,Elon Musk,,,,
912,Elon Musk,,,,
913,Elon Musk,,,,
914,Elon Musk,,,,
915,Elon Musk,,,,
916,Elon Musk,,,,
917,Elon Musk,,,,
918,Elon Musk,,,,
919,Elon Musk,,,,
920,Elon Musk,,,,
921,Elon Musk,,,,
922,Elon Musk,,,,
923,Elon Musk,,,,
924,Elon Musk,,,,
925,Elon Musk,,,,
926,Elon Musk,,,,
927,Elon Musk,,,,
928,Elon Musk,,,,
929,Elon Musk,,,,
930,Elon Musk,,,,
931,Elon Musk,,,,
932,Elon Musk,,,,
933,Elon Musk,,,,
934,Elon Musk,,,,
935,Elon Musk,,,,
936,Elon Musk,,,,
937,Elon Musk,,,,
938,Elon Musk,,,,
939,Elon Musk,,,,
940,Elon Musk,,,,
941,Elon Musk,,,,
942,Elon Musk,,,,
943,Elon Musk,,,,
944,Elon Musk,,,,
945,Elon Musk,,,,
946,Elon Musk,,,,
947,Elon Musk,,,,
948,Elon Musk,,,,
949,Elon Musk,,,,
950,Elon Musk,,,,
951,Elon Musk,,,,
952,Elon Musk,,,,
953,Elon Musk,,,,
954,Elon Musk,,,,
955,Elon Musk,,,,
956,Elon Musk,,,,
957,Elon Musk,,,,
958,Elon Musk,,,,
959,Elon Musk,,,,
960,Elon Musk,,,,
961,Elon Musk,,,,
962,Elon Musk,,,,
963,Elon Musk,,,,
964,Elon Musk,,,,
965,Elon Musk,,,,
966,Elon Musk,,,,
967,Elon Musk,,,,
968,Elon Musk,,,,
969,Elon Musk,,,,
970,Elon Musk,,,,
971,Elon Musk,,,,
972,Elon Musk,,,,
973,Elon Musk,,,,
974,Elon Musk,,,,
975,Elon Musk,,,,
976,Elon Musk,,,,
977,Elon Musk,,,,
978,Elon Musk,,,,
979,Elon Musk,,,,
980,Elon Musk,,,,
981,Elon Musk,,,,
982,Elon Musk,,,,
983,Elon Musk,,,,
984,Elon Musk,,,,
985,Elon Musk,,,,
986,Elon Musk,,,,
987,Elon Musk,,,,
988,Elon Musk,,,,
989,Elon Musk,,,,
990,Elon Musk,,,,
991,Elon Musk,,,,
992,Elon Musk,,,,
993,Elon Musk,,,,
994,Elon Musk,,,,
995,Elon Musk,,,,
996,Elon Musk,,,,
997,Elon Musk,,,,
998,Elon Musk,,,,
999,Elon Musk,,,,
1000,Elon Musk,,,,
1001,Elon Musk,,,,
1002,Elon Musk,,,,
1003,Elon Musk,,,,
1004,Elon Musk,,,,
1005,Elon Musk,,,,
1006,Elon Musk,,,,
1007,Elon Musk,,,,
1008,Elon Musk,,,,
1009,Elon Musk,,,,
1010,Elon Musk,,,,
1011,Elon Musk,,,,
1012,Elon Musk,,,,
1013,Elon Musk,,,,
1014,Elon Musk,,,,
1015,Elon Musk,,,,
1016,Elon Musk,,,,
1017,Elon Musk,,,,
1018,Elon Musk,,,,
1019,Elon Musk,,,,
1020,Elon Musk,,,,
1021,Elon Musk,,,,
1022,Elon Musk,,,,
1023,Elon Musk,,,,
1024,Elon Musk,,,,
1025,Elon Musk,,,,
1026,Elon Musk,,,,
1027,Elon Musk,,,,
1028,Elon Musk,,,,
1029,Elon Musk,,,,
1030,Elon Musk,,,,
1031,Elon Musk,,,,
1032,Elon Musk,,,,
1033,Elon Musk,,,,
1034,Elon Musk,,,,
1035,Elon Musk,,,,
1036,Elon Musk,,,,
1037,Elon Musk,,,,
1038,Elon Musk,,,,
1039,Elon Musk,,,,
1040,Elon Musk,,,,
1041,Elon Musk,,,,
1042,Elon Musk,,,,
1043,Elon Musk,,,,
1044,Elon Musk,,,,
1045,Elon Musk,,,,
1046,Elon Musk,,,,
1047,Elon Musk,,,,
1048,Elon Musk,,,,
1049,Elon Musk,,,,
1050,Elon Musk,,,,
1051,Elon Musk,,,,
1052,Elon Musk,,,,
1053,Elon Musk,,,,
1054,Elon Musk,,,,
1055,Elon Musk,,,,
1056,Elon Musk,,,,
1057,Elon Musk,,,,
1058,Elon Musk,,,,
1059,Elon Musk,,,,
1060,Elon Musk,,,,
1061,Elon Musk,,,,
1062,Elon Musk,,,,
1063,Elon Musk,,,,
1064,Elon Musk,,,,
1065,Elon Musk,,,,
1066,Elon Musk,,,,
1067,Elon Musk,,,,
1068,Elon Musk,,,,
1069,Elon Musk,,,,
1070,Elon Musk,,,,
1071,Elon Musk,,,,
1072,Elon Musk,,,,
1073,Elon Musk,,,,
1074,Elon Musk,,,,
1075,Elon Musk,,,,
1076,Elon Musk,,,,
1077,Elon Musk,,,,
1078,Elon Musk,,,,
1079,Elon Musk,,,,
1080,Elon Musk,,,,
1081,Elon Musk,,,,
1082,Elon Musk,,,,
1083,Elon Musk,,,,
1084,Elon Musk,,,,
1085,Elon Musk,,,,
1086,Elon Musk,,,,
1087,Elon Musk,,,,
1088,Elon Musk,,,,
1089,Elon Musk,,,,
1090,Elon Musk,,,,
1091,Elon Musk,,,,
1092,Elon Musk,,,,
1093,Elon Musk,,,,
1094,Elon Musk,,,,
1095,Elon Musk,,,,
1096,Elon Musk,,,,
1097,Elon Musk,,,,
1098,Elon Musk,,,,
1099,Elon Musk,,,,
1100,Elon Musk,,,,
1101,Elon Musk,,,,
1102,Elon Musk,,,,
1103,Elon Musk,,,,
1104,Elon Musk,,,,
1105,Elon Musk,,,,
1106,Elon Musk,,,,
1107,Elon Musk,,,,
1108,Elon Musk,,,,
1109,Elon Musk,,,,
1110,Elon Musk,,,,
1111,Elon Musk,,,,
1112,Elon Musk,,,,
1113,Elon Musk,,,,
1114,Elon Musk,,,,
1115,Elon Musk,,,,
1116,Elon Musk,,,,
1117,Elon Musk,,,,
1118,Elon Musk,,,,
1119,Elon Musk,,,,
1120,Elon Musk,,,,
1121,Elon Musk,,,,
1122,Elon Musk,,,,
1123,Elon Musk,,,,
1124,Elon Musk,,,,
1125,Elon Musk,,,,
1126,Elon Musk,,,,
1127,Elon Musk,,,,
1128,Elon Musk,,,,
1129,Elon Musk,,,,
1130,Elon Musk,,,,
1131,Elon Musk,,,,
1132,Elon Musk,,,,
1133,Elon Musk,,,,
1134,Elon Musk,,,,
1135,Elon Musk,,,,
1136,Elon Musk,,,,
1137,Elon Musk,,,,
1138,Elon Musk,,,,
1139,Elon Musk,,,,
1140,Elon Musk,,,,
1141,Elon Musk,,,,
1142,Elon Musk,,,,
1143,Elon Musk,,,,
1144,Elon Musk,,,,
1145,Elon Musk,,,,
1146,Elon Musk,,,,
1147,Elon Musk,,,,
1148,Elon Musk,,,,
1149,Elon Musk,,,,
1150,Elon Musk,,,,
1151,Elon Musk,,,,
1152,Elon Musk,,,,
1153,Elon Musk,,,,
1154,Elon Musk,,,,
1155,Elon Musk,,,,
1156,Elon Musk,,,,
1157,Elon Musk,,,,
1158,Elon Musk,,,,
1159,Elon Musk,,,,
1160,Elon Musk,,,,
1161,Elon Musk,,,,
1162,Elon Musk,,,,
1163,Elon Musk,,,,
1164,Elon Musk,,,,
1165,Elon Musk,,,,
1166,Elon Musk,,,,
1167,Elon Musk,,,,
1168,Elon Musk,,,,
1169,Elon Musk,,,,
1170,Elon Musk,,,,
1171,Elon Musk,,,,
1172,Elon Musk,,,,
1173,Elon Musk,,,,
1174,Elon Musk,,,,
1175,Elon Musk,,,,
1176,Elon Musk,,,,
1177,Elon Musk,,,,
1178,Elon Musk,,,,
1179,Elon Musk,,,,
1180,Elon Musk,,,,
1181,Elon Musk,,,,
1182,Elon Musk,,,,
1183,Elon Musk,,,,
1184,Elon Musk,,,,
1185,Elon Musk,,,,
1186,Elon Musk,,,,
1187,Elon Musk,,,,
1188,Elon Musk,,,,
1189,Elon Musk,,,,
1190,Elon Musk,,,,
1191,Elon Musk,,,,
1192,Elon Musk,,,,
1193,Elon Musk,,,,
1194,Elon Musk,,,,
1195,Elon Musk,,,,
1196,Elon Musk,,,,
1197,Elon Musk,,,,
1198,Elon Musk,,,,
1199,Elon Musk,,,,
1200,Elon Musk,,,,
1201,Elon Musk,,,,
1202,Elon Musk,,,,
1203,Elon Musk,,,,
1204,Elon Musk,,,,
1205,Elon Musk,,,,
1206,Elon Musk,,,,
1207,Elon Musk,,,,
1208,Elon Musk,,,,
1209,Elon Musk,,,,
1210,Elon Musk,,,,
1211,Elon Musk,,,,
1212,Elon Musk,,,,
1213,Elon Musk,,,,
1214,Elon Musk,,,,
1215,Elon Musk,,,,
1216,Elon Musk,,,,
1217,Elon Musk,,,,
1218,Elon Musk,,,,
1219,Elon Musk,,,,
1220,Elon Musk,,,,
1221,Elon Musk,,,,
1222,Elon Musk,,,,
1223,Elon Musk,,,,
1224,Elon Musk,,,,
1225,Elon Musk,,,,
1226,Elon Musk,,,,
1227,Elon Musk,,,,
1228,Elon Musk,,,,
1229,Elon Musk,,,,
1230,Elon Musk,,,,
1231,Elon Musk,,,,
1232,Elon Musk,,,,
1233,Elon Musk,,,,
1234,Elon Musk,,,,
1235,Elon Musk,,,,
1236,Elon Musk,,,,
1237,Elon Musk,,,,
1238,Elon Musk,,,,
1239,Elon Musk,,,,
1240,Elon Musk,,,,
1241,Elon Musk,,,,
1242,Elon Musk,,,,
1243,Elon Musk,,,,
1244,Elon Musk,,,,
1245,Elon Musk,,,,
1246,Elon Musk,,,,
1247,Elon Musk,,,,
1248,Elon Musk,,,,
1249,Elon Musk,,,,
1250,Elon Musk,,,,
1251,Elon Musk,,,,
1252,Elon Musk,,,,
1253,Elon Musk,,,,
1254,Elon Musk,,,,
1255,Elon Musk,,,,
1256,Elon Musk,,,,
1257,Elon Musk,,,,
1258,Elon Musk,,,,
1259,Elon Musk,,,,
1260,Elon Musk,,,,
1261,Elon Musk,,,,
1262,Elon Musk,,,,
1263,Elon Musk,,,,
1264,Elon Musk,,,,
1265,Elon Musk,,,,
1266,Elon Musk,,,,
1267,Elon Musk,,,,
1268,Elon Musk,,,,
1269,Elon Musk,,,,
1270,Elon Musk,,,,
1271,Elon Musk,,,,
1272,Elon Musk,,,,
1273,Elon Musk,,,,
1274,Elon Musk,,,,
1275,Elon Musk,,,,
1276,Elon Musk,,,,
1277,Elon Musk,,,,
1278,Elon Musk,,,,
1279,Elon Musk,,,,
1280,Elon Musk,,,,
1281,Elon Musk,,,,
1282,Elon Musk,,,,
1283,Elon Musk,,,,
1284,Elon Musk,,,,
1285,Elon Musk,,,,
1286,Elon Musk,,,,
1287,Elon Musk,,,,
1288,Elon Musk,,,,
1289,Elon Musk,,,,
1290,Elon Musk,,,,
1291,Elon Musk,,,,
1292,Elon Musk,,,,
1293,Elon Musk,,,,
1294,Elon Musk,,,,
1295,Elon Musk,,,,
1296,Elon Musk,,,,
1297,Elon Musk,,,,
1298,Elon Musk,,,,
1299,Elon Musk,,,,
1300,Elon Musk,,,,
1301,Elon Musk,,,,
1302,Elon Musk,,,,
1303,Elon Musk,,,,
1304,Elon Musk,,,,
1305,Elon Musk,,,,
1306,Elon Musk,,,,
1307,Elon Musk,,,,
1308,Elon Musk,,,,
1309,Elon Musk,,,,
1310,Elon Musk,,,,
1311,Elon Musk,,,,
1312,Elon Musk,,,,
1313,Elon Musk,,,,
1314,Elon Musk,,,,
1315,Elon Musk,,,,
1316,Elon Musk,,,,
1317,Elon Musk,,,,
1318,Elon Musk,,,,
1319,Elon Musk,,,,
1320,Elon Musk,,,,
1321,Elon Musk,,,,
1322,Elon Musk,,,,
1323,Elon Musk,,,,
1324,Elon Musk,,,,
1325,Elon Musk,,,,
1326,Elon Musk,,,,
1327,Elon Musk,,,,
1328,Elon Musk,,,,
1329,Elon Musk,,,,
1330,Elon Musk,,,,
1331,Elon Musk,,,,
1332,Elon Musk,,,,
1333,Elon Musk,,,,
1334,Elon Musk,,,,
1335,Elon Musk,,,,
1336,Elon Musk,,,,
1337,Elon Musk,,,,
1338,Elon Musk,,,,
1339,Elon Musk,,,,
1340,Elon Musk,,,,
1341,Elon Musk,,,,
1342,Elon Musk,,,,
1343,Elon Musk,,,,
1344,Elon Musk,,,,
1345,Elon Musk,,,,
1346,Elon Musk,,,,
1347,Elon Musk,,,,
1348,Elon Musk,,,,
1349,Elon Musk,,,,
1350,Elon Musk,,,,
1351,Elon Musk,,,,
1352,Elon Musk,,,,
1353,Elon Musk,,,,
1354,Elon Musk,,,,
1355,Elon Musk,,,,
1356,Elon Musk,,,,
1357,Elon Musk,,,,
1358,Elon Musk,,,,
1359,Elon Musk,,,,
1360,Elon Musk,,,,
1361,Elon Musk,,,,
1362,Elon Musk,,,,
1363,Elon Musk,,,,
1364,Elon Musk,,,,
1365,Elon Musk,,,,
1366,Elon Musk,,,,
1367,Elon Musk,,,,
1368,Elon Musk,,,,
1369,Elon Musk,,,,
1370,Elon Musk,,,,
1371,Elon Musk,,,,
1372,Elon Musk,,,,
1373,Elon Musk,,,,
1374,Elon Musk,,,,
1375,Elon Musk,,,,
1376,Elon Musk,,,,
1377,Elon Musk,,,,
1378,Elon Musk,,,,
1379,Elon Musk,,,,
1380,Elon Musk,,,,
1381,Elon Musk,,,,
1382,Elon Musk,,,,
1383,Elon Musk,,,,
1384,Elon Musk,,,,
1385,Elon Musk,,,,
1386,Elon Musk,,,,
1387,Elon Musk,,,,
1388,Elon Musk,,,,
1389,Elon Musk,,,,
1390,Elon Musk,,,,
1391,Elon Musk,,,,
1392,Elon Musk,,,,
1393,Elon Musk,,,,
1394,Elon Musk,,,,
1395,Elon Musk,,,,
1396,Elon Musk,,,,
1397,Elon Musk,,,,
1398,Elon Musk,,,,
1399,Elon Musk,,,,
1400,Elon Musk,,,,
1401,Elon Musk,,,,
1402,Elon Musk,,,,
1403,Elon Musk,,,,
1404,Elon Musk,,,,
1405,Elon Musk,,,,
1406,Elon Musk,,,,
1407,Elon Musk,,,,
1408,Elon Musk,,,,
1409,Elon Musk,,,,
1410,Elon Musk,,,,
1411,Elon Musk,,,,
1412,Elon Musk,,,,
1413,Elon Musk,,,,
1414,Elon Musk,,,,
1415,Elon Musk,,,,
1416,Elon Musk,,,,
1417,Elon Musk,,,,
1418,Elon Musk,,,,
1419,Elon Musk,,,,
1420,Elon Musk,,,,
1421,Elon Musk,,,,
1422,Elon Musk,,,,
1423,Elon Musk,,,,
1424,Elon Musk,,,,
1425,Elon Musk,,,,
1426,Elon Musk,,,,
1427,Elon Musk,,,,
1428,Elon Musk,,,,
1429,Elon Musk,,,,
1430,Elon Musk,,,,
1431,Elon Musk,,,,
1432,Elon Musk,,,,
1433,Elon Musk,,,,
1434,Elon Musk,,,,
1435,Elon Musk,,,,
1436,Elon Musk,,,,
1437,Elon Musk,,,,
1438,Elon Musk,,,,
1439,Elon Musk,,,,
1440,Elon Musk,,,,
1441,Elon Musk,,,,
1442,Elon Musk,,,,
1443,Elon Musk,,,,
1444,Elon Musk,,,,
1445,Elon Musk,,,,
1446,Elon Musk,,,,
1447,Elon Musk,,,,
1448,Elon Musk,,,,
1449,Elon Musk,,,,
1450,Elon Musk,,,,
1451,Elon Musk,,,,
1452,Elon Musk,,,,
1453,Elon Musk,,,,
1454,Elon Musk,,,,
1455,Elon Musk,,,,
1456,Elon Musk,,,,
1457,Elon Musk,,,,
1458,Elon Musk,,,,
1459,Elon Musk,,,,
1460,Elon Musk,,,,
1461,Elon Musk,,,,
1462,Elon Musk,,,,
1463,Elon Musk,,,,
1464,Elon Musk,,,,
1465,Elon Musk,,,,
1466,Elon Musk,,,,
1467,Elon Musk,,,,
1468,Elon Musk,,,,
1469,Elon Musk,,,,
1470,Elon Musk,,,,
1471,Elon Musk,,,,
1472,Elon Musk,,,,
1473,Elon Musk,,,,
1474,Elon Musk,,,,
1475,Elon Musk,,,,
1476,Elon Musk,,,,
1477,Elon Musk,,,,
1478,Elon Musk,,,,
1479,Elon Musk,,,,
1480,Elon Musk,,,,
1481,Elon Musk,,,,
1482,Elon Musk,,,,
1483,Elon Musk,,,,
1484,Elon Musk,,,,
1485,Elon Musk,,,,
1486,Elon Musk,,,,
1487,Elon Musk,,,,
1488,Elon Musk,,,,
1489,Elon Musk,,,,
1490,Elon Musk,,,,
1491,Elon Musk,,,,
1492,Elon Musk,,,,
1493,Elon Musk,,,,
1494,Elon Musk,,,,
1495,Elon Musk,,,,
1496,Elon Musk,,,,
1497,Elon Musk,,,,
1498,Elon Musk,,,,
1499,Elon Musk,,,,
1500,Elon Musk,,,,
1501,Elon Musk,,,,
1502,Elon Musk,,,,
1503,Elon Musk,,,,
1504,Elon Musk,,,,
1505,Elon Musk,,,,
1506,Elon Musk,,,,
1507,Elon Musk,,,,
1508,Elon Musk,,,,
1509,Elon Musk,,,,
1510,Elon Musk,,,,
1511,Elon Musk,,,,
1512,Elon Musk,,,,
1513,Elon Musk,,,,
1514,Elon Musk,,,,
1515,Elon Musk,,,,
1516,Elon Musk,,,,
1517,Elon Musk,,,,
1518,Elon Musk,,,,
1519,Elon Musk,,,,
1520,Elon Musk,,,,
1521,Elon Musk,,,,
1522,Elon Musk,,,,
1523,Elon Musk,,,,
1524,Elon Musk,,,,
1525,Elon Musk,,,,
1526,Elon Musk,,,,
1527,Elon Musk,,,,
1528,Elon Musk,,,,
1529,Elon Musk,,,,
1530,Elon Musk,,,,
1531,Elon Musk,,,,
1532,Elon Musk,,,,
1533,Elon Musk,,,,
1534,Elon Musk,,,,
1535,Elon Musk,,,,
1536,Elon Musk,,,,
1537,Elon Musk,,,,
1538,Elon Musk,,,,
1539,Elon Musk,,,,
1540,Elon Musk,,,,
1541,Elon Musk,,,,
1542,Elon Musk,,,,
1543,Elon Musk,,,,
1544,Elon Musk,,,,
1545,Elon Musk,,,,
1546,Elon Musk,,,,
1547,Elon Musk,,,,
1548,Elon Musk,,,,
1549,Elon Musk,,,,
1550,Elon Musk,,,,
1551,Elon Musk,,,,
1552,Elon Musk,,,,
1553,Elon Musk,,,,
1554,Elon Musk,,,,
1555,Elon Musk,,,,
1556,Elon Musk,,,,
1557,Elon Musk,,,,
1558,Elon Musk,,,,
1559,Elon Musk,,,,
1560,Elon Musk,,,,
1561,Elon Musk,,,,
1562,Elon Musk,,,,
1563,Elon Musk,,,,
1564,Elon Musk,,,,
1565,Elon Musk,,,,
1566,Elon Musk,,,,
1567,Elon Musk,,,,
1568,Elon Musk,,,,
1569,Elon Musk,,,,
1570,Elon Musk,,,,
1571,Elon Musk,,,,
1572,Elon Musk,,,,
1573,Elon Musk,,,,
1574,Elon Musk,,,,
1575,Elon Musk,,,,
1576,Elon Musk,,,,
1577,Elon Musk,,,,
1578,Elon Musk,,,,
1579,Elon Musk,,,,
1580,Elon Musk,,,,
1581,Elon Musk,,,,
1582,Elon Musk,,,,
1583,Elon Musk,,,,
1584,Elon Musk,,,,
1585,Elon Musk,,,,
1586,Elon Musk,,,,
1587,Elon Musk,,,,
1588,Elon Musk,,,,
1589,Elon Musk,,,,
1590,Elon Musk,,,,
1591,Elon Musk,,,,
1592,Elon Musk,,,,
1593,Elon Musk,,,,
1594,Elon Musk,,,,
1595,Elon Musk,,,,
1596,Elon Musk,,,,
1597,Elon Musk,,,,
1598,Elon Musk,,,,
1599,Elon Musk,,,,
1600,Elon Musk,,,,
1601,Elon Musk,,,,
1602,Elon Musk,,,,
1603,Elon Musk,,,,
1604,Elon Musk,,,,
1605,Elon Musk,,,,
1606,Elon Musk,,,,
1607,Elon Musk,,,,
1608,Elon Musk,,,,
1609,Elon Musk,,,,
1610,Elon Musk,,,,
1611,Elon Musk,,,,
1612,Elon Musk,,,,
1613,Elon Musk,,,,
1614,Elon Musk,,,,
1615,Elon Musk,,,,
1616,Elon Musk,,,,
1617,Elon Musk,,,,
1618,Elon Musk,,,,
1619,Elon Musk,,,,
1620,Elon Musk,,,,
1621,Elon Musk,,,,
1622,Elon Musk,,,,
1623,Elon Musk,,,,
1624,Elon Musk,,,,
1625,Elon Musk,,,,
1626,Elon Musk,,,,
1627,Elon Musk,,,,
1628,Elon Musk,,,,
1629,Elon Musk,,,,
1630,Elon Musk,,,,
1631,Elon Musk,,,,
1632,Elon Musk,,,,
1633,Elon Musk,,,,
1634,Elon Musk,,,,
1635,Elon Musk,,,,
1636,Elon Musk,,,,
1637,Elon Musk,,,,
1638,Elon Musk,,,,
1639,Elon Musk,,,,
1640,Elon Musk,,,,
1641,Elon Musk,,,,
1642,Elon Musk,,,,
1643,Elon Musk,,,,
1644,Elon Musk,,,,
1645,Elon Musk,,,,
1646,Elon Musk,,,,
1647,Elon Musk,,,,
1648,Elon Musk,,,,
1649,Elon Musk,,,,
1650,Elon Musk,,,,
1651,Elon Musk,,,,
1652,Elon Musk,,,,
1653,Elon Musk,,,,
1654,Elon Musk,,,,
1655,Elon Musk,,,,
1656,Elon Musk,,,,
1657,Elon Musk,,,,
1658,Elon Musk,,,,
1659,Elon Musk,,,,
1660,Elon Musk,,,,
1661,Elon Musk,,,,
1662,Elon Musk,,,,
1663,Elon Musk,,,,
1664,Elon Musk,,,,
1665,Elon Musk,,,,
1666,Elon Musk,,,,
1667,Elon Musk,,,,
1668,Elon Musk,,,,
1669,Elon Musk,,,,
1670,Elon Musk,,,,
1671,Elon Musk,,,,
1672,Elon Musk,,,,
1673,Elon Musk,,,,
1674,Elon Musk,,,,
1675,Elon Musk,,,,
1676,Elon Musk,,,,
1677,Elon Musk,,,,
1678,Elon Musk,,,,
1679,Elon Musk,,,,
1680,Elon Musk,,,,
1681,Elon Musk,,,,
1682,Elon Musk,,,,
1683,Elon Musk,,,,
1684,Elon Musk,,,,
1685,Elon Musk,,,,
1686,Elon Musk,,,,
1687,Elon Musk,,,,
1688,Elon Musk,,,,
1689,Elon Musk,,,,
1690,Elon Musk,,,,
1691,Elon Musk,,,,
1692,Elon Musk,,,,
1693,Elon Musk,,,,
1694,Elon Musk,,,,
1695,Elon Musk,,,,
1696,Elon Musk,,,,
1697,Elon Musk,,,,
1698,Elon Musk,,,,
1699,Elon Musk,,,,
1700,Elon Musk,,,,
1701,Elon Musk,,,,
1702,Elon Musk,,,,
1703,Elon Musk,,,,
1704,Elon Musk,,,,
1705,Elon Musk,,,,
1706,Elon Musk,,,,
1707,Elon Musk,,,,
1708,Elon Musk,,,,
1709,Elon Musk,,,,
1710,Elon Musk,,,,
1711,Elon Musk,,,,
1712,Elon Musk,,,,
1713,Elon Musk,,,,
1714,Elon Musk,,,,
1715,Elon Musk,,,,
1716,Elon Musk,,,,
1717,Elon Musk,,,,
1718,Elon Musk,,,,
1719,Elon Musk,,,,
1720,Elon Musk,,,,
1721,Elon Musk,,,,
1722,Elon Musk,,,,
1723,Elon Musk,,,,
1724,Elon Musk,,,,
1725,Elon Musk,,,,
1726,Elon Musk,,,,
1727,Elon Musk,,,,
1728,Elon Musk,,,,
1729,Elon Musk,,,,
1730,Elon Musk,,,,
1731,Elon Musk,,,,
1732,Elon Musk,,,,
1733,Elon Musk,,,,
1734,Elon Musk,,,,
1735,Elon Musk,,,,
1736,Elon Musk,,,,
1737,Elon Musk,,,,
1738,Elon Musk,,,,
1739,Elon Musk,,,,
1740,Elon Musk,,,,
1741,Elon Musk,,,,
1742,Elon Musk,,,,
1743,Elon Musk,,,,
1744,Elon Musk,,,,
1745,Elon Musk,,,,
1746,Elon Musk,,,,
1747,Elon Musk,,,,
1748,Elon Musk,,,,
1749,Elon Musk,,,,
1750,Elon Musk,,,,
1751,Elon Musk,,,,
1752,Elon Musk,,,,
1753,Elon Musk,,,,
1754,Elon Musk,,,,
1755,Elon Musk,,,,
1756,Elon Musk,,,,
1757,Elon Musk,,,,
1758,Elon Musk,,,,
1759,Elon Musk,,,,
1760,Elon Musk,,,,
1761,Elon Musk,,,,
1762,Elon Musk,,,,
1763,Elon Musk,,,,
1764,Elon Musk,,,,
1765,Elon Musk,,,,
1766,Elon Musk,,,,
1767,Elon Musk,,,,
1768,Elon Musk,,,,
1769,Elon Musk,,,,
1770,Elon Musk,,,,
1771,Elon Musk,,,,
1772,Elon Musk,,,,
1773,Elon Musk,,,,
1774,Elon Musk,,,,
1775,Elon Musk,,,,
1776,Elon Musk,,,,
1777,Elon Musk,,,,
1778,Elon Musk,,,,
1779,Elon Musk,,,,
1780,Elon Musk,,,,
1781,Elon Musk,,,,
1782,Elon Musk,,,,
1783,Elon Musk,,,,
1784,Elon Musk,,,,
1785,Elon Musk,,,,
1786,Elon Musk,,,,
1787,Elon Musk,,,,
1788,Elon Musk,,,,
1789,Elon Musk,,,,
1790,Elon Musk,,,,
1791,Elon Musk,,,,
1792,Elon Musk,,,,
1793,Elon Musk,,,,
1794,Elon Musk,,,,
1795,Elon Musk,,,,
1796,Elon Musk,,,,
1797,Elon Musk,,,,
1798,Elon Musk,,,,
1799,Elon Musk,,,,
1800,Elon Musk,,,,
1801,Elon Musk,,,,
1802,Elon Musk,,,,
1803,Elon Musk,,,,
1804,Elon Musk,,,,
1805,Elon Musk,,,,
1806,Elon Musk,,,,
1807,Elon Musk,,,,
1808,Elon Musk,,,,
1809,Elon Musk,,,,
1810,Elon Musk,,,,
1811,Elon Musk,,,,
1812,Elon Musk,,,,
1813,Elon Musk,,,,
1814,Elon Musk,,,,
1815,Elon Musk,,,,
1816,Elon Musk,,,,
1817,Elon Musk,,,,
1818,Elon Musk,,,,
1819,Elon Musk,,,,
1820,Elon Musk,,,,
1821,Elon Musk,,,,
1822,Elon Musk,,,,
1823,Elon Musk,,,,
1824,Elon Musk,,,,
1825,Elon Musk,,,,
1826,Elon Musk,,,,
1827,Elon Musk,,,,
1828,Elon Musk,,,,
1829,Elon Musk,,,,
1830,Elon Musk,,,,
1831,Elon Musk,,,,
1832,Elon Musk,,,,
1833,Elon Musk,,,,
1834,Elon Musk,,,,
1835,Elon Musk,,,,
1836,Elon Musk,,,,
1837,Elon Musk,,,,
1838,Elon Musk,,,,
1839,Elon Musk,,,,
1840,Elon Musk,,,,
1841,Elon Musk,,,,
1842,Elon Musk,,,,
1843,Elon Musk,,,,
1844,Elon Musk,,,,
1845,Elon Musk,,,,
1846,Elon Musk,,,,
1847,Elon Musk,,,,
1848,Elon Musk,,,,
1849,Elon Musk,,,,
1850,Elon Musk,,,,
1851,Elon Musk,,,,
1852,Elon Musk,,,,
1853,Elon Musk,,,,
1854,Elon Musk,,,,
1855,Elon Musk,,,,
1856,Elon Musk,,,,
1857,Elon Musk,,,,
1858,Elon Musk,,,,
1859,Elon Musk,,,,
1860,Elon Musk,,,,
1861,Elon Musk,,,,
1862,Elon Musk,,,,
1863,Elon Musk,,,,
1864,Elon Musk,,,,
1865,Elon Musk,,,,
1866,Elon Musk,,,,
1867,Elon Musk,,,,
1868,Elon Musk,,,,
1869,Elon Musk,,,,
1870,Elon Musk,,,,
1871,Elon Musk,,,,
1872,Elon Musk,,,,
1873,Elon Musk,,,,
1874,Elon Musk,,,,
1875,Elon Musk,,,,
1876,Elon Musk,,,,
1877,Elon Musk,,,,
1878,Elon Musk,,,,
1879,Elon Musk,,,,
1880,Elon Musk,,,,
1881,Elon Musk,,,,
1882,Elon Musk,,,,
1883,Elon Musk,,,,
1884,Elon Musk,,,,
1885,Elon Musk,,,,
1886,Elon Musk,,,,
1887,Elon Musk,,,,
1888,Elon Musk,,,,
1889,Elon Musk,,,,
1890,Elon Musk,,,,
1891,Elon Musk,,,,
1892,Elon Musk,,,,
1893,Elon Musk,,,,
1894,Elon Musk,,,,
1895,Elon Musk,,,,
1896,Elon Musk,,,,
1897,Elon Musk,,,,
1898,Elon Musk,,,,
1899,Elon Musk,,,,
1900,Elon Musk,,,,
1901,Elon Musk,,,,
1902,Elon Musk,,,,
1903,Elon Musk,,,,
1904,Elon Musk,,,,
1905,Elon Musk,,,,
1906,Elon Musk,,,,
1907,Elon Musk,,,,
1908,Elon Musk,,,,
1909,Elon Musk,,,,
1910,Elon Musk,,,,
1911,Elon Musk,,,,
1912,Elon Musk,,,,
1913,Elon Musk,,,,
1914,Elon Musk,,,,
1915,Elon Musk,,,,
1916,Elon Musk,,,,
1917,Elon Musk,,,,
1918,Elon Musk,,,,
1919,Elon Musk,,,,
1920,Elon Musk,,,,
1921,Elon Musk,,,,
1922,Elon Musk,,,,
1923,Elon Musk,,,,
1924,Elon Musk,,,,
1925,Elon Musk,,,,
1926,Elon Musk,,,,
1927,Elon Musk,,,,
1928,Elon Musk,,,,
1929,Elon Musk,,,,
1930,Elon Musk,,,,
1931,Elon Musk,,,,
1932,Elon Musk,,,,
1933,Elon Musk,,,,
1934,Elon Musk,,,,
1935,Elon Musk,,,,
1936,Elon Musk,,,,
1937,Elon Musk,,,,
1938,Elon Musk,,,,
1939,Elon Musk,,,,
1940,Elon Musk,,,,
1941,Elon Musk,,,,
1942,Elon Musk,,,,
1943,Elon Musk,,,,
1944,Elon Musk,,,,
1945,Elon Musk,,,,
1946,Elon Musk,,,,
1947,Elon Musk,,,,
1948,Elon Musk,,,,
1949,Elon Musk,,,,
1950,Elon Musk,,,,
1951,Elon Musk,,,,
1952,Elon Musk,,,,
1953,Elon Musk,,,,
1954,Elon Musk,,,,
1955,Elon Musk,,,,
1956,Elon Musk,,,,
1957,Elon Musk,,,,
1958,Elon Musk,,,,
1959,Elon Musk,,,,
1960,Elon Musk,,,,
1961,Elon Musk,,,,
1962,Elon Musk,,,,
1963,Elon Musk,,,,
1964,Elon Musk,,,,
1965,Elon Musk,,,,
1966,Elon Musk,,,,
1967,Elon Musk,,,,
1968,Elon Musk,,,,
1969,Elon Musk,,,,
1970,Elon Musk,,,,
1971,Elon Musk,,,,
1972,Elon Musk,,,,
1973,Elon Musk,,,,
1974,Elon Musk,,,,
1975,Elon Musk,,,,
1976,Elon Musk,,,,
1977,Elon Musk,,,,
1978,Elon Musk,,,,
1979,Elon Musk,,,,
1980,Elon Musk,,,,
1981,Elon Musk,,,,
1982,Elon Musk,,,,
1983,Elon Musk,,,,
1984,Elon Musk,,,,
1985,Elon Musk,,,,
1986,Elon Musk,,,,
1987,Elon Musk,,,,
1988,Elon Musk,,,,
1989,Elon Musk,,,,
1990,Elon Musk,,,,
1991,Elon Musk,,,,
1992,Elon Musk,,,,
1993,Elon Musk,,,,
1994,Elon Musk,,,,
1995,Elon Musk,,,,
1996,Elon Musk,,,,
1997,Elon Musk,,,,
1998,Elon Musk,,,,
1999,Elon Musk,,,,
2000,Elon Musk,,,,
2001,Elon Musk,,,,
2002,Elon Musk,,,,
2003,Elon Musk,,,,
2004,Elon Musk,,,,
2005,Elon Musk,,,,
2006,Elon Musk,,,,
2007,Elon Musk,,,,
2008,Elon Musk,,,,
2009,Elon Musk,,,,
2010,Elon Musk,,,,
2011,Elon Musk,,,,
2012,Elon Musk,,,,
2013,Elon Musk,,,,
2014,Elon Musk,,,,
2015,Elon Musk,,,,
2016,Elon Musk,,,,
2017,Elon Musk,,,,
2018,Elon Musk,,,,
2019,Elon Musk,,,,
2020,Elon Musk,,,,
2021,Elon Musk,,,,
2022,Elon Musk,,,,
2023,Elon Musk,,,,
2024,Elon Musk,,,,
2025,Elon Musk,,,,
2026,Elon Musk,,,,
2027,Elon Musk,,,,
2028,Elon Musk,,,,
2029,Elon Musk,,,,
2030,Elon Musk,,,,
2031,Elon Musk,,,,
2032,Elon Musk,,,,
2033,Elon Musk,,,,
2034,Elon Musk,,,,
2035,Elon Musk,,,,
2036,Elon Musk,,,,
2037,Elon Musk,,,,
2038,Elon Musk,,,,
2039,Elon Musk,,,,
2040,Elon Musk,,,,
2041,Elon Musk,,,,
2042,Elon Musk,,,,
2043,Elon Musk,,,,
2044,Elon Musk,,,,
2045,Elon Musk,,,,
2046,Elon Musk,,,,
2047,Elon Musk,,,,
2048,Elon Musk,,,,
2049,Elon Musk,,,,
2050,Elon Musk,,,,
2051,Elon Musk,,,,
2052,Elon Musk,,,,
2053,Elon Musk,,,,
2054,Elon Musk,,,,
2055,Elon Musk,,,,
2056,Elon Musk,,,,
2057,Elon Musk,,,,
2058,Elon Musk,,,,
2059,Elon Musk,,,,
2060,Elon Musk,,,,
2061,Elon Musk,,,,
2062,Elon Musk,,,,
2063,Elon Musk,,,,
2064,Elon Musk,,,,
2065,Elon Musk,,,,
2066,Elon Musk,,,,
2067,Elon Musk,,,,
2068,Elon Musk,,,,
2069,Elon Musk,,,,
2070,Elon Musk,,,,
2071,Elon Musk,,,,
2072,Elon Musk,,,,
2073,Elon Musk,,,,
2074,Elon Musk,,,,
2075,Elon Musk,,,,
2076,Elon Musk,,,,
2077,Elon Musk,,,,
2078,Elon Musk,,,,
2079,Elon Musk,,,,
2080,Elon Musk,,,,
2081,Elon Musk,,,,
2082,Elon Musk,,,,
2083,Elon Musk,,,,
2084,Elon Musk,,,,
2085,Elon Musk,,,,
2086,Elon Musk,,,,
2087,Elon Musk,,,,
2088,Elon Musk,,,,
2089,Elon Musk,,,,
2090,Elon Musk,,,,
2091,Elon Musk,,,,
2092,Elon Musk,,,,
2093,Elon Musk,,,,
2094,Elon Musk,,,,
2095,Elon Musk,,,,
2096,Elon Musk,,,,
2097,Elon Musk,,,,
2098,Elon Musk,,,,
2099,Elon Musk,,,,
2100,Elon Musk,,,,
2101,Elon Musk,,,,
2102,Elon Musk,,,,
2103,Elon Musk,,,,
2104,Elon Musk,,,,
2105,Elon Musk,,,,
2106,Elon Musk,,,,
2107,Elon Musk,,,,
2108,Elon Musk,,,,
2109,Elon Musk,,,,
2110,Elon Musk,,,,
2111,Elon Musk,,,,
2112,Elon Musk,,,,
2113,Elon Musk,,,,
2114,Elon Musk,,,,
2115,Elon Musk,,,,
2116,Elon Musk,,,,
2117,Elon Musk,,,,
2118,Elon Musk,,,,
2119,Elon Musk,,,,
2120,Elon Musk,,,,
2121,Elon Musk,,,,
2122,Elon Musk,,,,
2123,Elon Musk,,,,
2124,Elon Musk,,,,
2125,Elon Musk,,,,
2126,Elon Musk,,,,
2127,Elon Musk,,,,
2128,Elon Musk,,,,
2129,Elon Musk,,,,
2130,Elon Musk,,,,
2131,Elon Musk,,,,
2132,Elon Musk,,,,
2133,Elon Musk,,,,
2134,Elon Musk,,,,
2135,Elon Musk,,,,
2136,Elon Musk,,,,
2137,Elon Musk,,,,
2138,Elon Musk,,,,
2139,Elon Musk,,,,
2140,Elon Musk,,,,
2141,Elon Musk,,,,
2142,Elon Musk,,,,
2143,Elon Musk,,,,
2144,Elon Musk,,,,
2145,Elon Musk,,,,
2146,Elon Musk,,,,
2147,Elon Musk,,,,
2148,Elon Musk,,,,
2149,Elon Musk,,,,
2150,Elon Musk,,,,
2151,Elon Musk,,,,
2152,Elon Musk,,,,
2153,Elon Musk,,,,
2154,Elon Musk,,,,
2155,Elon Musk,,,,
2156,Elon Musk,,,,
2157,Elon Musk,,,,
2158,Elon Musk,,,,
2159,Elon Musk,,,,
2160,Elon Musk,,,,
2161,Elon Musk,,,,
2162,Elon Musk,,,,
2163,Elon Musk,,,,
2164,Elon Musk,,,,
2165,Elon Musk,,,,
2166,Elon Musk,,,,
2167,Elon Musk,,,,
2168,Elon Musk,,,,
2169,Elon Musk,,,,
2170,Elon Musk,,,,
2171,Elon Musk,,,,
2172,Elon Musk,,,,
2173,Elon Musk,,,,
2174,Elon Musk,,,,
2175,Elon Musk,,,,
2176,Elon Musk,,,,
2177,Elon Musk,,,,
2178,Elon Musk,,,,
2179,Elon Musk,,,,
2180,Elon Musk,,,,
2181,Elon Musk,,,,
2182,Elon Musk,,,,
2183,Elon Musk,,,,
2184,Elon Musk,,,,
2185,Elon Musk,,,,
2186,Elon Musk,,,,
2187,Elon Musk,,,,
2188,Elon Musk,,,,
2189,Elon Musk,,,,
2190,Elon Musk,,,,
2191,Elon Musk,,,,
2192,Elon Musk,,,,
2193,Elon Musk,,,,
2194,Elon Musk,,,,
2195,Elon Musk,,,,
2196,Elon Musk,,,,
2197,Elon Musk,,,,
2198,Elon Musk,,,,
2199,Elon Musk,,,,
2200,Elon Musk,,,,
2201,Elon Musk,,,,
2202,Elon Musk,,,,
2203,Elon Musk,,,,
2204,Elon Musk,,,,
2205,Elon Musk,,,,
2206,Elon Musk,,,,
2207,Elon Musk,,,,
2208,Elon Musk,,,,
2209,Elon Musk,,,,
2210,Elon Musk,,,,
2211,Elon Musk,,,,
2212,Elon Musk,,,,
2213,Elon Musk,,,,
2214,Elon Musk,,,,
2215,Elon Musk,,,,
2216,Elon Musk,,,,
2217,Elon Musk,,,,
2218,Elon Musk,,,,
2219,Elon Musk,,,,
2220,Elon Musk,,,,
2221,Elon Musk,,,,
2222,Elon Musk,,,,
2223,Elon Musk,,,,
2224,Elon Musk,,,,
2225,Elon Musk,,,,
2226,Elon Musk,,,,
2227,Elon Musk,,,,
2228,Elon Musk,,,,
2229,Elon Musk,,,,
2230,Elon Musk,,,,
2231,Elon Musk,,,,
2232,Elon Musk,,,,
2233,Elon Musk,,,,
2234,Elon Musk,,,,
2235,Elon Musk,,,,
2236,Elon Musk,,,,
2237,Elon Musk,,,,
2238,Elon Musk,,,,
2239,Elon Musk,,,,
2240,Elon Musk,,,,
2241,Elon Musk,,,,
2242,Elon Musk,,,,
2243,Elon Musk,,,,
2244,Elon Musk,,,,
2245,Elon Musk,,,,
2246,Elon Musk,,,,
2247,Elon Musk,,,,
2248,Elon Musk,,,,
2249,Elon Musk,,,,
2250,Elon Musk,,,,
2251,Elon Musk,,,,
2252,Elon Musk,,,,
2253,Elon Musk,,,,
2254,Elon Musk,,,,
2255,Elon Musk,,,,
2256,Elon Musk,,,,
2257,Elon Musk,,,,
2258,Elon Musk,,,,
2259,Elon Musk,,,,
2260,Elon Musk,,,,
2261,Elon Musk,,,,
2262,Elon Musk,,,,
2263,Elon Musk,,,,
2264,Elon Musk,,,,
2265,Elon Musk,,,,
2266,Elon Musk,,,,
2267,Elon Musk,,,,
2268,Elon Musk,,,,
2269,Elon Musk,,,,
2270,Elon Musk,,,,
2271,Elon Musk,,,,
2272,Elon Musk,,,,
2273,Elon Musk,,,,
2274,Elon Musk,,,,
2275,Elon Musk,,,,
2276,Elon Musk,,,,
2277,Elon Musk,,,,
2278,Elon Musk,,,,
2279,Elon Musk,,,,
2280,Elon Musk,,,,
2281,Elon Musk,,,,
2282,Elon Musk,,,,
2283,Elon Musk,,,,
2284,Elon Musk,,,,
2285,Elon Musk,,,,
2286,Elon Musk,,,,
2287,Elon Musk,,,,
2288,Elon Musk,,,,
2289,Elon Musk,,,,
2290,Elon Musk,,,,
2291,Elon Musk,,,,
2292,Elon Musk,,,,
2293,Elon Musk,,,,
2294,Elon Musk,,,,
2295,Elon Musk,,,,
2296,Elon Musk,,,,
2297,Elon Musk,,,,
2298,Elon Musk,,,,
2299,Elon Musk,,,,
2300,Elon Musk,,,,
2301,Elon Musk,,,,
2302,Elon Musk,,,,
2303,Elon Musk,,,,
2304,Elon Musk,,,,
2305,Elon Musk,,,,
2306,Elon Musk,,,,
2307,Elon Musk,,,,
2308,Elon Musk,,,,
2309,Elon Musk,,,,
2310,Elon Musk,,,,
2311,Elon Musk,,,,
2312,Elon Musk,,,,
2313,Elon Musk,,,,
2314,Elon Musk,,,,
2315,Elon Musk,,,,
2316,Elon Musk,,,,
2317,Elon Musk,,,,
2318,Elon Musk,,,,
2319,Elon Musk,,,,
2320,Elon Musk,,,,
2321,Elon Musk,,,,
2322,Elon Musk,,,,
2323,Elon Musk,,,,
2324,Elon Musk,,,,
2325,Elon Musk,,,,
2326,Elon Musk,,,,
2327,Elon Musk,,,,
2328,Elon Musk,,,,
2329,Elon Musk,,,,
2330,Elon Musk,,,,
2331,Elon Musk,,,,
2332,Elon Musk,,,,
2333,Elon Musk,,,,
2334,Elon Musk,,,,
2335,Elon Musk,,,,
2336,Elon Musk,,,,
2337,Elon Musk,,,,
2338,Elon Musk,,,,
2339,Elon Musk,,,,
2340,Elon Musk,,,,
2341,Elon Musk,,,,
2342,Elon Musk,,,,
2343,Elon Musk,,,,
2344,Elon Musk,,,,
2345,Elon Musk,,,,
2346,Elon Musk,,,,
2347,Elon Musk,,,,
2348,Elon Musk,,,,
2349,Elon Musk,,,,
2350,Elon Musk,,,,
2351,Elon Musk,,,,
2352,Elon Musk,,,,
2353,Elon Musk,,,,
2354,Elon Musk,,,,
2355,Elon Musk,,,,
2356,Elon Musk,,,,
2357,Elon Musk,,,,
2358,Elon Musk,,,,
2359,Elon Musk,,,,
2360,Elon Musk,,,,
2361,Elon Musk,,,,
2362,Elon Musk,,,,
2363,Elon Musk,,,,
2364,Elon Musk,,,,
2365,Elon Musk,,,,
2366,Elon Musk,,,,
2367,Elon Musk,,,,
2368,Elon Musk,,,,
2369,Elon Musk,,,,
2370,Elon Musk,,,,
2371,Elon Musk,,,,
2372,Elon Musk,,,,
2373,Elon Musk,,,,
2374,Elon Musk,,,,
2375,Elon Musk,,,,
2376,Elon Musk,,,,
2377,Elon Musk,,,,
2378,Elon Musk,,,,
2379,Elon Musk,,,,
2380,Elon Musk,,,,
2381,Elon Musk,,,,
2382,Elon Musk,,,,
2383,Elon Musk,,,,
2384,Elon Musk,,,,
2385,Elon Musk,,,,
2386,Elon Musk,,,,
2387,Elon Musk,,,,
2388,Elon Musk,,,,
2389,Elon Musk,,,,
2390,Elon Musk,,,,
2391,Elon Musk,,,,
2392,Elon Musk,,,,
2393,Elon Musk,,,,
2394,Elon Musk,,,,
2395,Elon Musk,,,,
2396,Elon Musk,,,,
2397,Elon Musk,,,,
2398,Elon Musk,,,,
2399,Elon Musk,,,,
2400,Elon Musk,,,,
2401,Elon Musk,,,,
2402,Elon Musk,,,,
2403,Elon Musk,,,,
2404,Elon Musk,,,,
2405,Elon Musk,,,,
2406,Elon Musk,,,,
2407,Elon Musk,,,,
2408,Elon Musk,,,,
2409,Elon Musk,,,,
2410,Elon Musk,,,,
2411,Elon Musk,,,,
2412,Elon Musk,,,,
2413,Elon Musk,,,,
2414,Elon Musk,,,,
2415,Elon Musk,,,,
2416,Elon Musk,,,,
2417,Elon Musk,,,,
2418,Elon Musk,,,,
2419,Elon Musk,,,,
2420,Elon Musk,,,,
2421,Elon Musk,,,,
2422,Elon Musk,,,,
2423,Elon Musk,,,,
2424,Elon Musk,,,,
2425,Elon Musk,,,,
2426,Elon Musk,,,,
2427,Elon Musk,,,,
2428,Elon Musk,,,,
2429,Elon Musk,,,,
2430,Elon Musk,,,,
2431,Elon Musk,,,,
2432,Elon Musk,,,,
2433,Elon Musk,,,,
2434,Elon Musk,,,,
2435,Elon Musk,,,,
2436,Elon Musk,,,,
2437,Elon Musk,,,,
2438,Elon Musk,,,,
2439,Elon Musk,,,,
2440,Elon Musk,,,,
2441,Elon Musk,,,,
2442,Elon Musk,,,,
2443,Elon Musk,,,,
2444,Elon Musk,,,,
2445,Elon Musk,,,,
2446,Elon Musk,,,,
2447,Elon Musk,,,,
2448,Elon Musk,,,,
2449,Elon Musk,,,,
2450,Elon Musk,,,,
2451,Elon Musk,,,,
2452,Elon Musk,,,,
2453,Elon Musk,,,,
2454,Elon Musk,,,,
2455,Elon Musk,,,,
2456,Elon Musk,,,,
2457,Elon Musk,,,,
2458,Elon Musk,,,,
2459,Elon Musk,,,,
2460,Elon Musk,,,,
2461,Elon Musk,,,,
2462,Elon Musk,,,,
2463,Elon Musk,,,,
2464,Elon Musk,,,,
2465,Elon Musk,,,,
2466,Elon Musk,,,,
2467,Elon Musk,,,,
2468,Elon Musk,,,,
2469,Elon Musk,,,,
2470,Elon Musk,,,,
2471,Elon Musk,,,,
2472,Elon Musk,,,,
2473,Elon Musk,,,,
2474,Elon Musk,,,,
2475,Elon Musk,,,,
2476,Elon Musk,,,,
2477,Elon Musk,,,,
2478,Elon Musk,,,,
2479,Elon Musk,,,,
2480,Elon Musk,,,,
2481,Elon Musk,,,,
2482,Elon Musk,,,,
2483,Elon Musk,,,,
2484,Elon Musk,,,,
2485,Elon Musk,,,,
2486,Elon Musk,,,,
2487,Elon Musk,,,,
2488,Elon Musk,,,,
2489,Elon Musk,,,,
2490,Elon Musk,,,,
2491,Elon Musk,,,,
2492,Elon Musk,,,,
2493,Elon Musk,,,,
2494,Elon Musk,,,,
2495,Elon Musk,,,,
2496,Elon Musk,,,,
2497,Elon Musk,,,,
2498,Elon Musk,,,,
2499,Elon Musk,,,,
2500,Elon Musk,,,,
2501,Elon Musk,,,,
2502,Elon Musk,,,,
2503,Elon Musk,,,,
2504,Elon Musk,,,,
2505,Elon Musk,,,,
2506,Elon Musk,,,,
2507,Elon Musk,,,,
2508,Elon Musk,,,,
2509,Elon Musk,,,,
2510,Elon Musk,,,,
2511,Elon Musk,,,,
2512,Elon Musk,,,,
2513,Elon Musk,,,,
2514,Elon Musk,,,,
2515,Elon Musk,,,,
2516,Elon Musk,,,,
2517,Elon Musk,,,,
2518,Elon Musk,,,,
2519,Elon Musk,,,,
2520,Elon Musk,,,,
2521,Elon Musk,,,,
2522,Elon Musk,,,,
2523,Elon Musk,,,,
2524,Elon Musk,,,,
2525,Elon Musk,,,,
2526,Elon Musk,,,,
2527,Elon Musk,,,,
2528,Elon Musk,,,,
2529,Elon Musk,,,,
2530,Elon Musk,,,,
2531,Elon Musk,,,,
2532,Elon Musk,,,,
2533,Elon Musk,,,,
2534,Elon Musk,,,,
2535,Elon Musk,,,,
2536,Elon Musk,,,,
2537,Elon Musk,,,,
2538,Elon Musk,,,,
2539,Elon Musk,,,,
2540,Elon Musk,,,,
2541,Elon Musk,,,,
2542,Elon Musk,,,,
2543,Elon Musk,,,,
2544,Elon Musk,,,,
2545,Elon Musk,,,,
2546,Elon Musk,,,,
2547,Elon Musk,,,,
2548,Elon Musk,,,,
2549,Elon Musk,,,,
2550,Elon Musk,,,,
2551,Elon Musk,,,,
2552,Elon Musk,,,,
2553,Elon Musk,,,,
2554,Elon Musk,,,,
2555,Elon Musk,,,,
2556,Elon Musk,,,,
2557,Elon Musk,,,,
2558,Elon Musk,,,,
2559,Elon Musk,,,,
2560,Elon Musk,,,,
2561,Elon Musk,,,,
2562,Elon Musk,,,,
2563,Elon Musk,,,,
2564,Elon Musk,,,,
2565,Elon Musk,,,,
2566,Elon Musk,,,,
2567,Elon Musk,,,,
2568,Elon Musk,,,,
2569,Elon Musk,,,,
2570,Elon Musk,,,,
2571,Elon Musk,,,,
2572,Elon Musk,,,,
2573,Elon Musk,,,,
2574,Elon Musk,,,,
2575,Elon Musk,,,,
2576,Elon Musk,,,,
2577,Elon Musk,,,,
2578,Elon Musk,,,,
2579,Elon Musk,,,,
2580,Elon Musk,,,,
2581,Elon Musk,,,,
2582,Elon Musk,,,,
2583,Elon Musk,,,,
2584,Elon Musk,,,,
2585,Elon Musk,,,,
2586,Elon Musk,,,,
2587,Elon Musk,,,,
2588,Elon Musk,,,,
2589,Elon Musk,,,,
2590,Elon Musk,,,,
2591,Elon Musk,,,,
2592,Elon Musk,,,,
2593,Elon Musk,,,,
2594,Elon Musk,,,,
2595,Elon Musk,,,,
2596,Elon Musk,,,,
2597,Elon Musk,,,,
2598,Elon Musk,,,,
2599,Elon Musk,,,,
2600,Elon Musk,,,,
2601,Elon Musk,,,,
2602,Elon Musk,,,,
2603,Elon Musk,,,,
2604,Elon Musk,,,,
2605,Elon Musk,,,,
2606,Elon Musk,,,,
2607,Elon Musk,,,,
2608,Elon Musk,,,,
2609,Elon Musk,,,,
2610,Elon Musk,,,,
2611,Elon Musk,,,,
2612,Elon Musk,,,,
2613,Elon Musk,,,,
2614,Elon Musk,,,,
2615,Elon Musk,,,,
2616,Elon Musk,,,,
2617,Elon Musk,,,,
2618,Elon Musk,,,,
2619,Elon Musk,,,,
2620,Elon Musk,,,,
2621,Elon Musk,,,,
2622,Elon Musk,,,,
2623,Elon Musk,,,,
2624,Elon Musk,,,,
2625,Elon Musk,,,,
2626,Elon Musk,,,,
2627,Elon Musk,,,,
2628,Elon Musk,,,,
2629,Elon Musk,,,,
2630,Elon Musk,,,,
2631,Elon Musk,,,,
2632,Elon Musk,,,,
2633,Elon Musk,,,,
2634,Elon Musk,,,,
2635,Elon Musk,,,,
2636,Elon Musk,,,,
2637,Elon Musk,,,,
2638,Elon Musk,,,,
2639,Elon Musk,,,,
2640,Elon Musk,,,,
2641,Elon Musk,,,,
2642,Elon Musk,,,,
2643,Elon Musk,,,,
2644,Elon Musk,,,,
2645,Elon Musk,,,,
2646,Elon Musk,,,,
2647,Elon Musk,,,,
2648,Elon Musk,,,,
2649,Elon Musk,,,,
2650,Elon Musk,,,,
2651,Elon Musk,,,,
2652,Elon Musk,,,,
2653,Elon Musk,,,,
2654,Elon Musk,,,,
2655,Elon Musk,,,,
2656,Elon Musk,,,,
2657,Elon Musk,,,,
2658,Elon Musk,,,,
2659,Elon Musk,,,,
2660,Elon Musk,,,,
2661,Elon Musk,,,,
2662,Elon Musk,,,,
2663,Elon Musk,,,,
2664,Elon Musk,,,,
2665,Elon Musk,,,,
2666,Elon Musk,,,,
2667,Elon Musk,,,,
